fit,region,reading,frame,band_m,n,mae,rmse,bias,median
pooled,all,meta_v1 raw,all,,1066257,6.59,9.79,-5.23,
pooled,all,meta_v1 raw,by_lidar,0-2,151031,1.75,3.76,0.52,-0.4
pooled,all,meta_v1 raw,by_lidar,2-5,118965,3.21,4.0,-1.23,-2.44
pooled,all,meta_v1 raw,by_lidar,5-8,136463,3.85,4.57,-1.95,-2.77
pooled,all,meta_v1 raw,by_lidar,8-12,169590,4.5,5.46,-2.78,-3.04
pooled,all,meta_v1 raw,by_lidar,12-16,128881,5.57,6.79,-4.43,-4.4
pooled,all,meta_v1 raw,by_lidar,16-20,89965,6.03,7.36,-5.15,-5.03
pooled,all,meta_v1 raw,by_lidar,20-25,58980,7.44,8.82,-6.76,-6.66
pooled,all,meta_v1 raw,by_lidar,25-35,75736,10.12,12.25,-9.57,-9.04
pooled,all,meta_v1 raw,by_lidar,35-999,136646,19.2,21.54,-19.15,-17.98
pooled,all,meta_v1 raw,by_value,0-2,284510,4.2,7.61,-4.19,-2.29
pooled,all,meta_v1 raw,by_value,2-5,120833,5.75,8.02,-5.45,-4.43
pooled,all,meta_v1 raw,by_value,5-8,119385,5.26,7.7,-4.47,-3.44
pooled,all,meta_v1 raw,by_value,8-12,152516,5.37,8.03,-3.56,-2.48
pooled,all,meta_v1 raw,by_value,12-16,123614,6.47,9.46,-3.31,-2.19
pooled,all,meta_v1 raw,by_value,16-20,85141,8.67,12.15,-4.98,-2.77
pooled,all,meta_v1 raw,by_value,20-25,75181,12.64,15.36,-10.23,-10.89
pooled,all,meta_v1 raw,by_value,25-35,90800,11.9,14.08,-10.66,-10.77
pooled,all,meta_v1 raw,by_value,35-999,14277,8.28,10.45,-5.88,-5.54
pooled,all,eth raw,all,,1066257,6.13,7.92,3.25,
pooled,all,eth raw,by_lidar,0-2,151031,8.44,10.09,8.35,8.75
pooled,all,eth raw,by_lidar,2-5,118965,8.74,9.81,8.6,8.29
pooled,all,eth raw,by_lidar,5-8,136463,6.36,7.42,6.15,5.48
pooled,all,eth raw,by_lidar,8-12,169590,4.73,5.97,4.37,3.82
pooled,all,eth raw,by_lidar,12-16,128881,3.77,5.29,2.88,2.24
pooled,all,eth raw,by_lidar,16-20,89965,3.66,5.1,1.82,1.33
pooled,all,eth raw,by_lidar,20-25,58980,4.16,5.57,0.17,-0.53
pooled,all,eth raw,by_lidar,25-35,75736,5.15,6.7,-0.13,-0.35
pooled,all,eth raw,by_lidar,35-999,136646,8.06,10.6,-6.83,-6.22
pooled,all,eth raw,by_value,0-2,26172,3.67,9.79,-3.2,-0.35
pooled,all,eth raw,by_value,2-5,28574,3.52,6.36,0.58,2.17
pooled,all,eth raw,by_value,5-8,35823,4.97,6.46,3.16,4.76
pooled,all,eth raw,by_value,8-12,193918,5.42,6.32,4.92,5.02
pooled,all,eth raw,by_value,12-16,276326,5.78,7.03,4.84,4.73
pooled,all,eth raw,by_value,16-20,168613,6.38,7.97,4.8,4.54
pooled,all,eth raw,by_value,20-25,106836,6.63,8.52,4.42,4.2
pooled,all,eth raw,by_value,25-35,121660,8.06,10.26,-0.7,-1.71
pooled,all,eth raw,by_value,35-999,108335,6.93,9.15,-0.63,-1.22
pooled,all,meta_v1 calibrated,all,,1066257,5.21,8.02,-1.06,
pooled,all,meta_v1 calibrated,by_lidar,0-2,151031,2.86,5.18,2.86,1.57
pooled,all,meta_v1 calibrated,by_lidar,2-5,118965,3.15,4.72,1.72,-0.14
pooled,all,meta_v1 calibrated,by_lidar,5-8,136463,3.35,4.51,1.43,1.44
pooled,all,meta_v1 calibrated,by_lidar,8-12,169590,3.37,4.7,0.44,0.17
pooled,all,meta_v1 calibrated,by_lidar,12-16,128881,4.29,5.68,-1.29,-1.9
pooled,all,meta_v1 calibrated,by_lidar,16-20,89965,5.47,6.94,-1.63,-2.79
pooled,all,meta_v1 calibrated,by_lidar,20-25,58980,7.27,8.53,-2.26,-4.2
pooled,all,meta_v1 calibrated,by_lidar,25-35,75736,8.78,10.75,-2.08,0.35
pooled,all,meta_v1 calibrated,by_lidar,35-999,136646,11.57,15.74,-10.46,-7.89
pooled,all,meta_v1 calibrated,by_value,0-2,237962,3.15,6.68,-1.93,0.02
pooled,all,meta_v1 calibrated,by_value,5-8,134549,3.75,6.0,-1.11,-0.04
pooled,all,meta_v1 calibrated,by_value,8-12,230219,4.27,6.51,-1.0,0.05
pooled,all,meta_v1 calibrated,by_value,12-16,141335,5.51,8.02,-1.01,0.03
pooled,all,meta_v1 calibrated,by_value,16-20,98746,7.03,10.02,-1.4,0.06
pooled,all,meta_v1 calibrated,by_value,20-25,31216,8.93,11.58,-0.79,1.57
pooled,all,meta_v1 calibrated,by_value,25-35,79065,9.37,11.54,-0.12,-0.01
pooled,all,meta_v1 calibrated,by_value,35-999,113165,7.28,9.27,0.24,0.11
pooled,all,eth calibrated,all,,1066257,4.82,6.83,-0.16,
pooled,all,eth calibrated,by_lidar,0-2,151031,4.5,6.62,4.41,3.16
pooled,all,eth calibrated,by_lidar,2-5,118965,4.4,6.24,3.84,3.13
pooled,all,eth calibrated,by_lidar,5-8,136463,3.1,4.71,1.21,0.33
pooled,all,eth calibrated,by_lidar,8-12,169590,3.28,4.59,-0.42,-1.16
pooled,all,eth calibrated,by_lidar,12-16,128881,4.24,5.58,-1.58,-2.53
pooled,all,eth calibrated,by_lidar,16-20,89965,5.17,6.51,-2.1,-3.18
pooled,all,eth calibrated,by_lidar,20-25,58980,6.79,8.02,-2.95,-4.72
pooled,all,eth calibrated,by_lidar,25-35,75736,6.54,8.38,-0.4,0.11
pooled,all,eth calibrated,by_lidar,35-999,136646,7.7,10.48,-5.78,-4.99
pooled,all,eth calibrated,by_value,0-2,79133,2.96,7.49,-2.12,0.01
pooled,all,eth calibrated,by_value,2-5,105255,2.84,4.24,-0.77,-0.28
pooled,all,eth calibrated,by_value,5-8,189441,3.45,4.31,-0.35,-0.44
pooled,all,eth calibrated,by_value,8-12,229708,4.38,5.46,-0.01,-0.12
pooled,all,eth calibrated,by_value,12-16,143550,5.11,6.5,0.2,-0.14
pooled,all,eth calibrated,by_value,16-20,66358,5.18,7.01,0.46,0.17
pooled,all,eth calibrated,by_value,20-25,37468,7.34,9.54,1.02,1.4
pooled,all,eth calibrated,by_value,25-35,94900,8.1,10.35,-0.49,-1.64
pooled,all,eth calibrated,by_value,35-999,120444,6.88,9.2,0.81,0.22
pooled,all,meta_v1 matched,all,,1066257,5.49,8.32,0.04,
pooled,all,meta_v1 matched,by_lidar,0-2,151031,2.68,5.53,2.64,1.24
pooled,all,meta_v1 matched,by_lidar,2-5,118965,3.21,5.07,1.44,-0.48
pooled,all,meta_v1 matched,by_lidar,5-8,136463,3.65,5.12,1.33,0.84
pooled,all,meta_v1 matched,by_lidar,8-12,169590,4.19,5.67,0.83,0.26
pooled,all,meta_v1 matched,by_lidar,12-16,128881,5.11,6.64,-0.31,-1.09
pooled,all,meta_v1 matched,by_lidar,16-20,89965,5.97,7.66,0.11,-0.83
pooled,all,meta_v1 matched,by_lidar,20-25,58980,7.14,8.99,-0.05,-1.15
pooled,all,meta_v1 matched,by_lidar,25-35,75736,9.84,11.98,0.87,2.17
pooled,all,meta_v1 matched,by_lidar,35-999,136646,10.95,14.96,-6.46,-4.21
pooled,all,meta_v1 matched,by_value,0-2,237962,3.17,6.79,-2.26,-0.32
pooled,all,meta_v1 matched,by_value,2-5,46548,3.77,6.24,-2.02,-0.88
pooled,all,meta_v1 matched,by_value,5-8,120833,3.86,6.14,-1.74,-0.73
pooled,all,meta_v1 matched,by_value,8-12,158243,4.23,6.45,-1.01,0.01
pooled,all,meta_v1 matched,by_value,12-16,148213,5.29,7.58,0.05,1.11
pooled,all,meta_v1 matched,by_value,16-20,66825,6.62,9.03,1.27,2.4
pooled,all,meta_v1 matched,by_value,20-25,72614,8.18,10.57,1.89,3.54
pooled,all,meta_v1 matched,by_value,25-35,81329,9.84,11.92,2.06,3.52
pooled,all,meta_v1 matched,by_value,35-999,133690,8.75,11.05,4.84,4.62
pooled,all,blend,all,,1066257,4.26,6.3,-0.58,
pooled,all,blend,by_lidar,0-2,151031,3.12,5.25,3.03,1.65
pooled,all,blend,by_lidar,2-5,118965,3.19,4.72,2.29,1.5
pooled,all,blend,by_lidar,5-8,136463,2.88,4.06,1.34,1.24
pooled,all,blend,by_lidar,8-12,169590,2.74,3.92,0.06,-0.17
pooled,all,blend,by_lidar,12-16,128881,3.79,5.0,-1.46,-2.03
pooled,all,blend,by_lidar,16-20,89965,4.66,5.87,-1.99,-2.79
pooled,all,blend,by_lidar,20-25,58980,6.08,7.2,-2.81,-4.12
pooled,all,blend,by_lidar,25-35,75736,6.11,7.89,-0.89,0.03
pooled,all,blend,by_lidar,35-999,136646,8.11,11.01,-6.91,-5.91
pooled,all,blend,by_value,0-2,82151,2.62,7.14,-1.64,0.16
pooled,all,blend,by_value,2-5,139970,2.68,4.42,-0.82,0.38
pooled,all,blend,by_value,5-8,142505,2.93,3.99,0.03,0.39
pooled,all,blend,by_value,8-12,242509,3.52,4.65,-0.3,0.02
pooled,all,blend,by_value,12-16,139806,4.53,5.96,-0.29,-0.29
pooled,all,blend,by_value,16-20,71747,4.8,6.63,0.05,-0.03
pooled,all,blend,by_value,20-25,40434,6.66,8.86,0.09,0.81
pooled,all,blend,by_value,25-35,93671,7.52,9.6,-1.54,-2.0
pooled,all,blend,by_value,35-999,113464,6.45,8.38,-1.09,-1.18
pooled,all,"blend, gated",all,,1066257,4.31,6.48,-0.85,
pooled,all,"blend, gated",by_lidar,0-2,151031,2.77,4.94,2.77,1.57
pooled,all,"blend, gated",by_lidar,2-5,118965,3.03,4.41,1.6,-0.14
pooled,all,"blend, gated",by_lidar,5-8,136463,2.98,4.09,1.03,1.09
pooled,all,"blend, gated",by_lidar,8-12,169590,2.89,4.1,-0.14,-0.22
pooled,all,"blend, gated",by_lidar,12-16,128881,3.91,5.2,-1.61,-2.05
pooled,all,"blend, gated",by_lidar,16-20,89965,4.74,6.0,-2.09,-2.82
pooled,all,"blend, gated",by_lidar,20-25,58980,6.18,7.4,-2.96,-4.19
pooled,all,"blend, gated",by_lidar,25-35,75736,6.37,8.46,-1.17,-0.03
pooled,all,"blend, gated",by_lidar,35-999,136646,8.34,11.57,-7.14,-5.93
pooled,all,"blend, gated",by_value,0-2,237962,3.15,6.68,-1.93,0.02
pooled,all,"blend, gated",by_value,5-8,140310,3.04,4.54,-0.37,0.17
pooled,all,"blend, gated",by_value,8-12,235242,3.45,4.49,-0.34,-0.04
pooled,all,"blend, gated",by_value,12-16,137747,4.43,5.79,-0.33,-0.33
pooled,all,"blend, gated",by_value,16-20,70348,4.64,6.37,0.02,-0.05
pooled,all,"blend, gated",by_value,20-25,39195,6.44,8.56,0.02,0.78
pooled,all,"blend, gated",by_value,25-35,92384,7.44,9.48,-1.6,-2.02
pooled,all,"blend, gated",by_value,35-999,113069,6.43,8.34,-1.11,-1.19
pooled,all,"blend, independent",all,,1066257,4.31,6.3,-0.53,
pooled,all,"blend, independent",by_lidar,0-2,151031,3.58,5.43,3.55,2.39
pooled,all,"blend, independent",by_lidar,2-5,118965,3.17,4.68,2.7,1.94
pooled,all,"blend, independent",by_lidar,5-8,136463,2.68,3.88,1.35,1.02
pooled,all,"blend, independent",by_lidar,8-12,169590,2.71,3.79,0.03,-0.3
pooled,all,"blend, independent",by_lidar,12-16,128881,3.76,4.84,-1.44,-2.05
pooled,all,"blend, independent",by_lidar,16-20,89965,4.65,5.74,-1.94,-2.78
pooled,all,"blend, independent",by_lidar,20-25,58980,5.95,7.04,-2.73,-3.93
pooled,all,"blend, independent",by_lidar,25-35,75736,5.91,7.66,-0.98,0.09
pooled,all,"blend, independent",by_lidar,35-999,136646,8.4,11.28,-7.41,-6.33
pooled,all,"blend, independent",by_value,0-2,66730,2.77,7.64,-1.37,0.62
pooled,all,"blend, independent",by_value,2-5,143711,2.66,4.07,0.05,1.03
pooled,all,"blend, independent",by_value,5-8,162681,2.98,4.03,-0.06,0.26
pooled,all,"blend, independent",by_value,8-12,234701,3.59,4.73,-0.38,-0.09
pooled,all,"blend, independent",by_value,12-16,138197,4.54,5.97,-0.31,-0.31
pooled,all,"blend, independent",by_value,16-20,68717,4.93,6.8,0.25,0.11
pooled,all,"blend, independent",by_value,20-25,44705,6.66,8.87,0.35,1.25
pooled,all,"blend, independent",by_value,25-35,97214,7.58,9.66,-1.76,-1.94
pooled,all,"blend, independent",by_value,35-999,109601,6.36,8.23,-1.79,-1.65
pooled,all,table,all,,1066257,4.38,6.55,-0.49,
pooled,all,table,by_lidar,0-2,151031,2.82,5.1,2.67,1.32
pooled,all,table,by_lidar,2-5,118965,2.99,4.67,1.89,0.68
pooled,all,table,by_lidar,5-8,136463,2.99,4.2,1.2,1.15
pooled,all,table,by_lidar,8-12,169590,2.98,4.22,-0.03,-0.28
pooled,all,table,by_lidar,12-16,128881,3.95,5.31,-1.4,-1.73
pooled,all,table,by_lidar,16-20,89965,4.6,6.14,-1.78,-2.44
pooled,all,table,by_lidar,20-25,58980,6.57,7.87,-2.42,-4.14
pooled,all,table,by_lidar,25-35,75736,7.74,9.12,0.81,3.66
pooled,all,table,by_lidar,35-999,136646,7.86,11.1,-6.52,-4.99
pooled,all,table,by_value,0-2,107791,2.55,6.86,-1.76,-0.03
pooled,all,table,by_value,2-5,138749,2.93,4.77,-1.19,0.01
pooled,all,table,by_value,5-8,133062,3.16,4.49,-0.54,0.03
pooled,all,table,by_value,8-12,222502,3.39,4.51,-0.37,0.05
pooled,all,table,by_value,12-16,141193,4.52,5.91,-0.01,-0.05
pooled,all,table,by_value,16-20,82433,4.62,6.41,0.03,0.08
pooled,all,table,by_value,20-25,38241,7.24,9.55,-1.57,-0.35
pooled,all,table,by_value,25-35,52639,8.97,11.34,1.21,0.74
pooled,all,table,by_value,35-999,149647,6.97,8.87,-0.13,0.01
pooled,ca__chm_lidar_ca__2019__src,meta_v1 raw,all,,312806,12.1,15.71,-11.19,
pooled,ca__chm_lidar_ca__2019__src,meta_v1 raw,by_lidar,0-2,5913,2.5,5.4,0.36,-1.19
pooled,ca__chm_lidar_ca__2019__src,meta_v1 raw,by_lidar,2-5,14147,3.61,4.97,-1.22,-2.63
pooled,ca__chm_lidar_ca__2019__src,meta_v1 raw,by_lidar,5-8,13195,3.97,5.04,-1.42,-2.6
pooled,ca__chm_lidar_ca__2019__src,meta_v1 raw,by_lidar,8-12,14056,4.36,5.46,-1.66,-2.24
pooled,ca__chm_lidar_ca__2019__src,meta_v1 raw,by_lidar,12-16,17458,4.36,5.68,-1.87,-1.72
pooled,ca__chm_lidar_ca__2019__src,meta_v1 raw,by_lidar,16-20,20753,4.84,6.31,-3.1,-2.89
pooled,ca__chm_lidar_ca__2019__src,meta_v1 raw,by_lidar,20-25,23320,6.47,8.18,-5.01,-4.78
pooled,ca__chm_lidar_ca__2019__src,meta_v1 raw,by_lidar,25-35,67640,9.79,12.06,-9.17,-8.49
pooled,ca__chm_lidar_ca__2019__src,meta_v1 raw,by_lidar,35-999,136324,19.19,21.53,-19.14,-17.98
pooled,ca__chm_lidar_ca__2019__src,meta_v1 raw,by_value,0-2,26834,12.17,19.49,-12.17,-4.04
pooled,ca__chm_lidar_ca__2019__src,meta_v1 raw,by_value,2-5,12951,10.05,15.77,-9.98,-4.71
pooled,ca__chm_lidar_ca__2019__src,meta_v1 raw,by_value,5-8,13171,10.68,16.07,-10.36,-5.4
pooled,ca__chm_lidar_ca__2019__src,meta_v1 raw,by_value,8-12,21226,11.5,16.26,-10.59,-6.52
pooled,ca__chm_lidar_ca__2019__src,meta_v1 raw,by_value,12-16,31650,11.47,15.66,-10.52,-6.89
pooled,ca__chm_lidar_ca__2019__src,meta_v1 raw,by_value,16-20,41135,12.58,16.08,-11.47,-10.12
pooled,ca__chm_lidar_ca__2019__src,meta_v1 raw,by_value,20-25,62057,14.13,16.55,-13.16,-13.32
pooled,ca__chm_lidar_ca__2019__src,meta_v1 raw,by_value,25-35,89505,11.94,14.13,-10.93,-10.93
pooled,ca__chm_lidar_ca__2019__src,meta_v1 raw,by_value,35-999,14277,8.28,10.45,-5.88,-5.54
pooled,ca__chm_lidar_ca__2019__src,eth raw,all,,312806,7.64,10.04,0.15,
pooled,ca__chm_lidar_ca__2019__src,eth raw,by_lidar,0-2,5913,16.27,18.01,16.26,14.3
pooled,ca__chm_lidar_ca__2019__src,eth raw,by_lidar,2-5,14147,13.19,14.83,13.17,11.88
pooled,ca__chm_lidar_ca__2019__src,eth raw,by_lidar,5-8,13195,10.01,12.35,9.89,9.13
pooled,ca__chm_lidar_ca__2019__src,eth raw,by_lidar,8-12,14056,9.4,11.43,9.12,8.5
pooled,ca__chm_lidar_ca__2019__src,eth raw,by_lidar,12-16,17458,8.66,10.37,8.49,7.65
pooled,ca__chm_lidar_ca__2019__src,eth raw,by_lidar,16-20,20753,6.86,8.65,6.46,5.6
pooled,ca__chm_lidar_ca__2019__src,eth raw,by_lidar,20-25,23320,5.38,7.2,4.21,3.35
pooled,ca__chm_lidar_ca__2019__src,eth raw,by_lidar,25-35,67640,4.84,6.47,0.77,0.44
pooled,ca__chm_lidar_ca__2019__src,eth raw,by_lidar,35-999,136324,8.04,10.56,-6.8,-6.2
pooled,ca__chm_lidar_ca__2019__src,eth raw,by_value,0-2,1332,38.95,40.88,-38.94,-43.12
pooled,ca__chm_lidar_ca__2019__src,eth raw,by_value,2-5,816,27.7,31.63,-27.21,-33.78
pooled,ca__chm_lidar_ca__2019__src,eth raw,by_value,5-8,3351,7.25,13.78,-5.4,-0.55
pooled,ca__chm_lidar_ca__2019__src,eth raw,by_value,8-12,8596,6.49,8.98,2.62,4.56
pooled,ca__chm_lidar_ca__2019__src,eth raw,by_value,12-16,14186,7.91,9.14,5.76,7.56
pooled,ca__chm_lidar_ca__2019__src,eth raw,by_value,16-20,20447,7.99,9.62,5.73,6.39
pooled,ca__chm_lidar_ca__2019__src,eth raw,by_value,20-25,40040,7.58,9.53,3.6,4.04
pooled,ca__chm_lidar_ca__2019__src,eth raw,by_value,25-35,115703,7.82,9.92,-1.37,-2.23
pooled,ca__chm_lidar_ca__2019__src,eth raw,by_value,35-999,108335,6.93,9.15,-0.63,-1.22
pooled,ca__chm_lidar_ca__2019__src,meta_v1 calibrated,all,,312806,8.66,12.32,-4.32,
pooled,ca__chm_lidar_ca__2019__src,meta_v1 calibrated,by_lidar,0-2,5913,2.83,7.51,2.83,0.77
pooled,ca__chm_lidar_ca__2019__src,meta_v1 calibrated,by_lidar,2-5,14147,3.26,6.28,1.67,-0.45
pooled,ca__chm_lidar_ca__2019__src,meta_v1 calibrated,by_lidar,5-8,13195,3.56,5.82,2.22,1.53
pooled,ca__chm_lidar_ca__2019__src,meta_v1 calibrated,by_lidar,8-12,14056,3.77,6.02,1.69,0.69
pooled,ca__chm_lidar_ca__2019__src,meta_v1 calibrated,by_lidar,12-16,17458,4.69,6.82,1.49,0.55
pooled,ca__chm_lidar_ca__2019__src,meta_v1 calibrated,by_lidar,16-20,20753,5.71,7.79,1.02,-0.51
pooled,ca__chm_lidar_ca__2019__src,meta_v1 calibrated,by_lidar,20-25,23320,8.01,9.54,0.78,-0.94
pooled,ca__chm_lidar_ca__2019__src,meta_v1 calibrated,by_lidar,25-35,67640,8.62,10.68,-1.25,1.68
pooled,ca__chm_lidar_ca__2019__src,meta_v1 calibrated,by_lidar,35-999,136324,11.55,15.73,-10.44,-7.87
pooled,ca__chm_lidar_ca__2019__src,meta_v1 calibrated,by_value,0-2,22828,10.51,18.54,-10.19,-1.81
pooled,ca__chm_lidar_ca__2019__src,meta_v1 calibrated,by_value,5-8,13381,7.98,14.18,-6.29,-0.55
pooled,ca__chm_lidar_ca__2019__src,meta_v1 calibrated,by_value,8-12,26393,9.07,14.17,-6.98,-2.17
pooled,ca__chm_lidar_ca__2019__src,meta_v1 calibrated,by_value,12-16,25690,10.33,14.61,-8.4,-4.66
pooled,ca__chm_lidar_ca__2019__src,meta_v1 calibrated,by_value,16-20,35266,10.34,14.13,-8.33,-5.33
pooled,ca__chm_lidar_ca__2019__src,meta_v1 calibrated,by_value,20-25,16683,10.41,13.24,-6.93,-6.24
pooled,ca__chm_lidar_ca__2019__src,meta_v1 calibrated,by_value,25-35,61453,8.68,10.89,-3.46,-3.46
pooled,ca__chm_lidar_ca__2019__src,meta_v1 calibrated,by_value,35-999,111112,7.06,8.96,-0.1,-0.09
pooled,ca__chm_lidar_ca__2019__src,eth calibrated,all,,312806,7.23,9.84,-0.37,
pooled,ca__chm_lidar_ca__2019__src,eth calibrated,by_lidar,0-2,5913,12.51,15.73,12.49,9.58
pooled,ca__chm_lidar_ca__2019__src,eth calibrated,by_lidar,2-5,14147,9.32,12.31,9.05,7.07
pooled,ca__chm_lidar_ca__2019__src,eth calibrated,by_lidar,5-8,13195,7.56,10.59,5.71,4.32
pooled,ca__chm_lidar_ca__2019__src,eth calibrated,by_lidar,8-12,14056,7.35,10.2,5.39,3.94
pooled,ca__chm_lidar_ca__2019__src,eth calibrated,by_lidar,12-16,17458,7.01,9.74,5.58,3.59
pooled,ca__chm_lidar_ca__2019__src,eth calibrated,by_lidar,16-20,20753,6.58,8.87,4.19,2.71
pooled,ca__chm_lidar_ca__2019__src,eth calibrated,by_lidar,20-25,23320,6.47,8.28,2.8,2.14
pooled,ca__chm_lidar_ca__2019__src,eth calibrated,by_lidar,25-35,67640,5.9,7.74,0.97,1.08
pooled,ca__chm_lidar_ca__2019__src,eth calibrated,by_lidar,35-999,136324,7.67,10.43,-5.74,-4.97
pooled,ca__chm_lidar_ca__2019__src,eth calibrated,by_value,0-2,4522,21.82,28.5,-21.79,-8.56
pooled,ca__chm_lidar_ca__2019__src,eth calibrated,by_value,2-5,5765,6.39,11.81,-5.59,-2.71
pooled,ca__chm_lidar_ca__2019__src,eth calibrated,by_value,5-8,7453,4.45,7.03,-0.16,1.75
pooled,ca__chm_lidar_ca__2019__src,eth calibrated,by_value,8-12,13732,5.5,7.3,1.1,2.9
pooled,ca__chm_lidar_ca__2019__src,eth calibrated,by_value,12-16,20984,6.09,7.9,0.88,1.22
pooled,ca__chm_lidar_ca__2019__src,eth calibrated,by_value,16-20,21795,6.45,8.58,0.04,0.43
pooled,ca__chm_lidar_ca__2019__src,eth calibrated,by_value,20-25,26597,7.75,9.9,-0.54,-0.36
pooled,ca__chm_lidar_ca__2019__src,eth calibrated,by_value,25-35,91514,7.81,9.93,-1.09,-2.03
pooled,ca__chm_lidar_ca__2019__src,eth calibrated,by_value,35-999,120444,6.88,9.2,0.81,0.22
pooled,ca__chm_lidar_ca__2019__src,meta_v1 matched,all,,312806,8.95,12.46,-1.47,
pooled,ca__chm_lidar_ca__2019__src,meta_v1 matched,by_lidar,0-2,5913,2.78,8.17,2.68,0.43
pooled,ca__chm_lidar_ca__2019__src,meta_v1 matched,by_lidar,2-5,14147,3.46,6.84,1.45,-0.79
pooled,ca__chm_lidar_ca__2019__src,meta_v1 matched,by_lidar,5-8,13195,3.86,6.58,2.13,0.95
pooled,ca__chm_lidar_ca__2019__src,meta_v1 matched,by_lidar,8-12,14056,4.75,7.23,2.31,0.98
pooled,ca__chm_lidar_ca__2019__src,meta_v1 matched,by_lidar,12-16,17458,6.1,8.37,3.18,2.31
pooled,ca__chm_lidar_ca__2019__src,meta_v1 matched,by_lidar,16-20,20753,6.85,9.14,3.28,2.5
pooled,ca__chm_lidar_ca__2019__src,meta_v1 matched,by_lidar,20-25,23320,8.61,10.87,3.25,2.5
pooled,ca__chm_lidar_ca__2019__src,meta_v1 matched,by_lidar,25-35,67640,10.0,12.2,1.79,3.5
pooled,ca__chm_lidar_ca__2019__src,meta_v1 matched,by_lidar,35-999,136324,10.94,14.95,-6.44,-4.18
pooled,ca__chm_lidar_ca__2019__src,meta_v1 matched,by_value,0-2,22828,10.72,18.74,-10.53,-2.13
pooled,ca__chm_lidar_ca__2019__src,meta_v1 matched,by_value,2-5,4006,9.32,15.99,-8.55,-1.81
pooled,ca__chm_lidar_ca__2019__src,meta_v1 matched,by_value,5-8,12951,7.64,13.72,-6.29,-1.03
pooled,ca__chm_lidar_ca__2019__src,meta_v1 matched,by_value,8-12,17788,9.04,14.15,-7.0,-2.2
pooled,ca__chm_lidar_ca__2019__src,meta_v1 matched,by_value,12-16,23326,9.92,14.18,-7.24,-3.35
pooled,ca__chm_lidar_ca__2019__src,meta_v1 matched,by_value,16-20,17476,9.37,13.03,-6.0,-2.47
pooled,ca__chm_lidar_ca__2019__src,meta_v1 matched,by_value,20-25,29458,9.46,12.35,-4.79,-2.34
pooled,ca__chm_lidar_ca__2019__src,meta_v1 matched,by_value,25-35,54997,8.89,11.04,-2.51,-2.35
pooled,ca__chm_lidar_ca__2019__src,meta_v1 matched,by_value,35-999,129976,8.43,10.63,4.41,4.28
pooled,ca__chm_lidar_ca__2019__src,blend,all,,312806,6.61,9.23,-1.6,
pooled,ca__chm_lidar_ca__2019__src,blend,by_lidar,0-2,5913,6.97,10.64,6.95,3.58
pooled,ca__chm_lidar_ca__2019__src,blend,by_lidar,2-5,14147,5.15,8.12,4.81,2.85
pooled,ca__chm_lidar_ca__2019__src,blend,by_lidar,5-8,13195,4.94,7.77,4.4,2.74
pooled,ca__chm_lidar_ca__2019__src,blend,by_lidar,8-12,14056,5.1,7.78,4.14,2.45
pooled,ca__chm_lidar_ca__2019__src,blend,by_lidar,12-16,17458,5.56,7.87,4.24,2.77
pooled,ca__chm_lidar_ca__2019__src,blend,by_lidar,16-20,20753,5.45,7.42,3.24,1.96
pooled,ca__chm_lidar_ca__2019__src,blend,by_lidar,20-25,23320,5.64,7.21,2.09,1.57
pooled,ca__chm_lidar_ca__2019__src,blend,by_lidar,25-35,67640,5.51,7.28,0.34,0.97
pooled,ca__chm_lidar_ca__2019__src,blend,by_lidar,35-999,136324,8.08,10.96,-6.88,-5.89
pooled,ca__chm_lidar_ca__2019__src,blend,by_value,0-2,3025,29.93,34.71,-29.88,-39.62
pooled,ca__chm_lidar_ca__2019__src,blend,by_value,2-5,9578,4.47,10.79,-2.86,0.38
pooled,ca__chm_lidar_ca__2019__src,blend,by_value,5-8,10761,3.46,6.65,-0.25,0.96
pooled,ca__chm_lidar_ca__2019__src,blend,by_value,8-12,17036,4.6,7.0,0.05,1.33
pooled,ca__chm_lidar_ca__2019__src,blend,by_value,12-16,18510,5.6,7.84,-0.31,0.46
pooled,ca__chm_lidar_ca__2019__src,blend,by_value,16-20,22069,5.63,7.9,-0.88,-0.04
pooled,ca__chm_lidar_ca__2019__src,blend,by_value,20-25,27782,7.15,9.26,-1.54,-0.78
pooled,ca__chm_lidar_ca__2019__src,blend,by_value,25-35,90581,7.28,9.23,-2.08,-2.36
pooled,ca__chm_lidar_ca__2019__src,blend,by_value,35-999,113464,6.45,8.38,-1.09,-1.18
pooled,ca__chm_lidar_ca__2019__src,"blend, gated",all,,312806,6.65,9.56,-2.11,
pooled,ca__chm_lidar_ca__2019__src,"blend, gated",by_lidar,0-2,5913,3.06,7.78,3.06,0.77
pooled,ca__chm_lidar_ca__2019__src,"blend, gated",by_lidar,2-5,14147,3.66,6.62,2.08,-0.45
pooled,ca__chm_lidar_ca__2019__src,"blend, gated",by_lidar,5-8,13195,4.63,7.29,3.22,1.86
pooled,ca__chm_lidar_ca__2019__src,"blend, gated",by_lidar,8-12,14056,5.16,7.7,3.47,2.08
pooled,ca__chm_lidar_ca__2019__src,"blend, gated",by_lidar,12-16,17458,5.7,7.98,3.84,2.62
pooled,ca__chm_lidar_ca__2019__src,"blend, gated",by_lidar,16-20,20753,5.61,7.63,2.93,1.83
pooled,ca__chm_lidar_ca__2019__src,"blend, gated",by_lidar,20-25,23320,5.89,7.63,1.76,1.46
pooled,ca__chm_lidar_ca__2019__src,"blend, gated",by_lidar,25-35,67640,5.79,7.96,0.02,0.93
pooled,ca__chm_lidar_ca__2019__src,"blend, gated",by_lidar,35-999,136324,8.31,11.52,-7.11,-5.91
pooled,ca__chm_lidar_ca__2019__src,"blend, gated",by_value,0-2,22828,10.51,18.54,-10.19,-1.81
pooled,ca__chm_lidar_ca__2019__src,"blend, gated",by_value,5-8,9837,4.99,10.4,-3.37,-0.14
pooled,ca__chm_lidar_ca__2019__src,"blend, gated",by_value,8-12,13942,3.82,5.71,-0.06,0.85
pooled,ca__chm_lidar_ca__2019__src,"blend, gated",by_value,12-16,16617,4.95,6.96,-0.57,0.13
pooled,ca__chm_lidar_ca__2019__src,"blend, gated",by_value,16-20,20676,5.14,7.22,-1.03,-0.13
pooled,ca__chm_lidar_ca__2019__src,"blend, gated",by_value,20-25,26543,6.84,8.85,-1.72,-0.85
pooled,ca__chm_lidar_ca__2019__src,"blend, gated",by_value,25-35,89294,7.19,9.1,-2.15,-2.37
pooled,ca__chm_lidar_ca__2019__src,"blend, gated",by_value,35-999,113069,6.43,8.34,-1.11,-1.19
pooled,ca__chm_lidar_ca__2019__src,"blend, independent",all,,312806,6.67,9.24,-1.86,
pooled,ca__chm_lidar_ca__2019__src,"blend, independent",by_lidar,0-2,5913,7.63,10.65,7.63,4.78
pooled,ca__chm_lidar_ca__2019__src,"blend, independent",by_lidar,2-5,14147,5.46,8.04,5.33,3.5
pooled,ca__chm_lidar_ca__2019__src,"blend, independent",by_lidar,5-8,13195,4.93,7.47,4.21,2.91
pooled,ca__chm_lidar_ca__2019__src,"blend, independent",by_lidar,8-12,14056,5.01,7.38,3.91,2.51
pooled,ca__chm_lidar_ca__2019__src,"blend, independent",by_lidar,12-16,17458,5.31,7.36,4.0,2.8
pooled,ca__chm_lidar_ca__2019__src,"blend, independent",by_lidar,16-20,20753,5.2,6.93,3.02,2.11
pooled,ca__chm_lidar_ca__2019__src,"blend, independent",by_lidar,20-25,23320,5.44,6.88,2.01,1.74
pooled,ca__chm_lidar_ca__2019__src,"blend, independent",by_lidar,25-35,67640,5.32,7.04,0.2,1.0
pooled,ca__chm_lidar_ca__2019__src,"blend, independent",by_lidar,35-999,136324,8.37,11.24,-7.38,-6.3
pooled,ca__chm_lidar_ca__2019__src,"blend, independent",by_value,0-2,2725,32.0,35.76,-31.95,-40.15
pooled,ca__chm_lidar_ca__2019__src,"blend, independent",by_value,2-5,8177,4.91,11.0,-2.76,0.74
pooled,ca__chm_lidar_ca__2019__src,"blend, independent",by_value,5-8,11933,3.72,6.76,-0.13,1.25
pooled,ca__chm_lidar_ca__2019__src,"blend, independent",by_value,8-12,17247,4.87,7.25,0.26,1.75
pooled,ca__chm_lidar_ca__2019__src,"blend, independent",by_value,12-16,18881,5.66,7.89,-0.2,0.55
pooled,ca__chm_lidar_ca__2019__src,"blend, independent",by_value,16-20,21709,5.82,8.14,-0.72,0.11
pooled,ca__chm_lidar_ca__2019__src,"blend, independent",by_value,20-25,28994,7.27,9.41,-1.43,-0.38
pooled,ca__chm_lidar_ca__2019__src,"blend, independent",by_value,25-35,93539,7.37,9.36,-2.32,-2.35
pooled,ca__chm_lidar_ca__2019__src,"blend, independent",by_value,35-999,109601,6.36,8.23,-1.79,-1.65
pooled,ca__chm_lidar_ca__2019__src,table,all,,312806,6.96,9.73,-1.1,
pooled,ca__chm_lidar_ca__2019__src,table,by_lidar,0-2,5913,5.31,9.84,5.28,2.15
pooled,ca__chm_lidar_ca__2019__src,table,by_lidar,2-5,14147,4.09,7.92,3.56,1.04
pooled,ca__chm_lidar_ca__2019__src,table,by_lidar,5-8,13195,4.71,7.84,3.76,1.9
pooled,ca__chm_lidar_ca__2019__src,table,by_lidar,8-12,14056,5.32,8.15,3.85,2.33
pooled,ca__chm_lidar_ca__2019__src,table,by_lidar,12-16,17458,5.79,8.43,4.15,2.72
pooled,ca__chm_lidar_ca__2019__src,table,by_lidar,16-20,20753,5.76,8.33,3.32,1.35
pooled,ca__chm_lidar_ca__2019__src,table,by_lidar,20-25,23320,7.09,8.91,2.73,0.17
pooled,ca__chm_lidar_ca__2019__src,table,by_lidar,25-35,67640,7.34,8.76,2.22,4.68
pooled,ca__chm_lidar_ca__2019__src,table,by_lidar,35-999,136324,7.83,11.05,-6.48,-4.96
pooled,ca__chm_lidar_ca__2019__src,table,by_value,0-2,4168,26.0,32.09,-25.94,-34.89
pooled,ca__chm_lidar_ca__2019__src,table,by_value,2-5,14615,3.95,9.32,-2.4,0.27
pooled,ca__chm_lidar_ca__2019__src,table,by_value,5-8,11083,4.37,8.62,-2.29,-0.08
pooled,ca__chm_lidar_ca__2019__src,table,by_value,8-12,14246,4.52,6.93,-0.69,0.84
pooled,ca__chm_lidar_ca__2019__src,table,by_value,12-16,16091,5.01,7.16,-1.0,-0.11
pooled,ca__chm_lidar_ca__2019__src,table,by_value,16-20,25600,5.36,7.52,-1.62,-0.5
pooled,ca__chm_lidar_ca__2019__src,table,by_value,20-25,28241,7.93,10.23,-3.28,-2.47
pooled,ca__chm_lidar_ca__2019__src,table,by_value,25-35,49255,8.43,10.65,0.16,-0.15
pooled,ca__chm_lidar_ca__2019__src,table,by_value,35-999,149507,6.96,8.85,-0.15,0.0
pooled,es__chm_ign50__2022-2025__src,meta_v1 raw,all,,67809,4.7,6.17,-3.88,
pooled,es__chm_ign50__2022-2025__src,meta_v1 raw,by_lidar,0-2,18377,1.22,2.45,-0.22,-0.49
pooled,es__chm_ign50__2022-2025__src,meta_v1 raw,by_lidar,2-5,11541,3.5,3.99,-2.04,-2.89
pooled,es__chm_ign50__2022-2025__src,meta_v1 raw,by_lidar,5-8,7485,5.32,5.67,-4.35,-5.49
pooled,es__chm_ign50__2022-2025__src,meta_v1 raw,by_lidar,8-12,9807,6.15,6.81,-5.29,-6.26
pooled,es__chm_ign50__2022-2025__src,meta_v1 raw,by_lidar,12-16,8425,6.57,7.48,-6.21,-6.45
pooled,es__chm_ign50__2022-2025__src,meta_v1 raw,by_lidar,16-20,6572,6.89,7.98,-6.73,-6.48
pooled,es__chm_ign50__2022-2025__src,meta_v1 raw,by_lidar,20-25,3924,8.56,9.79,-8.46,-8.17
pooled,es__chm_ign50__2022-2025__src,meta_v1 raw,by_lidar,25-35,1596,12.55,13.52,-12.55,-12.52
pooled,es__chm_ign50__2022-2025__src,meta_v1 raw,by_lidar,35-999,82,19.93,20.46,-19.93,-19.79
pooled,es__chm_ign50__2022-2025__src,meta_v1 raw,by_value,0-2,35114,3.15,4.51,-3.15,-2.05
pooled,es__chm_ign50__2022-2025__src,meta_v1 raw,by_value,2-5,7098,6.9,7.91,-6.66,-6.74
pooled,es__chm_ign50__2022-2025__src,meta_v1 raw,by_value,5-8,6797,6.91,8.0,-6.27,-6.32
pooled,es__chm_ign50__2022-2025__src,meta_v1 raw,by_value,8-12,8146,6.29,7.4,-4.43,-4.98
pooled,es__chm_ign50__2022-2025__src,meta_v1 raw,by_value,12-16,6283,5.87,7.1,-3.15,-3.92
pooled,es__chm_ign50__2022-2025__src,meta_v1 raw,by_value,16-20,3358,5.65,7.23,-1.87,-2.57
pooled,es__chm_ign50__2022-2025__src,meta_v1 raw,by_value,20-25,947,5.11,6.88,-1.29,-1.98
pooled,es__chm_ign50__2022-2025__src,meta_v1 raw,by_value,25-35,66,5.65,7.6,4.36,3.39
pooled,es__chm_ign50__2022-2025__src,eth raw,all,,67809,5.95,7.27,4.87,
pooled,es__chm_ign50__2022-2025__src,eth raw,by_lidar,0-2,18377,8.17,9.41,8.12,8.06
pooled,es__chm_ign50__2022-2025__src,eth raw,by_lidar,2-5,11541,7.81,8.73,7.69,7.75
pooled,es__chm_ign50__2022-2025__src,eth raw,by_lidar,5-8,7485,6.44,7.26,6.19,6.22
pooled,es__chm_ign50__2022-2025__src,eth raw,by_lidar,8-12,9807,4.9,5.77,4.58,4.47
pooled,es__chm_ign50__2022-2025__src,eth raw,by_lidar,12-16,8425,3.34,4.12,2.65,2.61
pooled,es__chm_ign50__2022-2025__src,eth raw,by_lidar,16-20,6572,2.18,2.73,0.29,0.28
pooled,es__chm_ign50__2022-2025__src,eth raw,by_lidar,20-25,3924,3.01,3.81,-2.58,-2.33
pooled,es__chm_ign50__2022-2025__src,eth raw,by_lidar,25-35,1596,7.29,7.87,-7.28,-7.19
pooled,es__chm_ign50__2022-2025__src,eth raw,by_lidar,35-999,82,13.19,13.36,-13.19,-13.06
pooled,es__chm_ign50__2022-2025__src,eth raw,by_value,0-2,1565,1.35,1.98,-0.66,-0.4
pooled,es__chm_ign50__2022-2025__src,eth raw,by_value,2-5,3862,2.52,2.89,1.92,2.32
pooled,es__chm_ign50__2022-2025__src,eth raw,by_value,5-8,5842,4.74,5.09,4.35,5.0
pooled,es__chm_ign50__2022-2025__src,eth raw,by_value,8-12,14720,6.49,7.13,6.13,7.06
pooled,es__chm_ign50__2022-2025__src,eth raw,by_value,12-16,19079,6.72,7.93,5.95,6.2
pooled,es__chm_ign50__2022-2025__src,eth raw,by_value,16-20,15432,6.26,8.02,4.52,3.89
pooled,es__chm_ign50__2022-2025__src,eth raw,by_value,20-25,7055,5.78,7.65,3.34,2.74
pooled,es__chm_ign50__2022-2025__src,eth raw,by_value,25-35,254,11.37,13.04,6.43,8.33
pooled,es__chm_ign50__2022-2025__src,meta_v1 calibrated,all,,67809,3.48,4.92,-1.12,
pooled,es__chm_ign50__2022-2025__src,meta_v1 calibrated,by_lidar,0-2,18377,1.87,3.32,1.87,1.47
pooled,es__chm_ign50__2022-2025__src,meta_v1 calibrated,by_lidar,2-5,11541,2.39,3.85,0.26,-0.87
pooled,es__chm_ign50__2022-2025__src,meta_v1 calibrated,by_lidar,5-8,7485,3.53,4.32,-1.45,-3.21
pooled,es__chm_ign50__2022-2025__src,meta_v1 calibrated,by_lidar,8-12,9807,3.66,4.71,-1.86,-2.14
pooled,es__chm_ign50__2022-2025__src,meta_v1 calibrated,by_lidar,12-16,8425,4.14,5.02,-3.08,-3.45
pooled,es__chm_ign50__2022-2025__src,meta_v1 calibrated,by_lidar,16-20,6572,4.95,5.94,-3.81,-4.13
pooled,es__chm_ign50__2022-2025__src,meta_v1 calibrated,by_lidar,20-25,3924,6.99,8.06,-4.85,-5.84
pooled,es__chm_ign50__2022-2025__src,meta_v1 calibrated,by_lidar,25-35,1596,9.67,10.99,-8.29,-9.82
pooled,es__chm_ign50__2022-2025__src,meta_v1 calibrated,by_lidar,35-999,82,14.82,16.41,-14.75,-16.4
pooled,es__chm_ign50__2022-2025__src,meta_v1 calibrated,by_value,0-2,32089,2.12,3.11,-0.9,0.05
pooled,es__chm_ign50__2022-2025__src,meta_v1 calibrated,by_value,5-8,8446,3.59,4.59,-2.03,-2.03
pooled,es__chm_ign50__2022-2025__src,meta_v1 calibrated,by_value,8-12,12753,4.65,5.83,-2.58,-2.78
pooled,es__chm_ign50__2022-2025__src,meta_v1 calibrated,by_value,12-16,7337,4.97,6.3,-1.44,-2.13
pooled,es__chm_ign50__2022-2025__src,meta_v1 calibrated,by_value,16-20,4754,5.08,6.79,-0.07,-0.76
pooled,es__chm_ign50__2022-2025__src,meta_v1 calibrated,by_value,20-25,1190,5.65,7.8,3.15,2.33
pooled,es__chm_ign50__2022-2025__src,meta_v1 calibrated,by_value,25-35,1165,8.22,10.19,7.45,6.66
pooled,es__chm_ign50__2022-2025__src,meta_v1 calibrated,by_value,35-999,75,14.59,16.08,14.59,14.07
pooled,es__chm_ign50__2022-2025__src,eth calibrated,all,,67809,3.98,5.25,0.26,
pooled,es__chm_ign50__2022-2025__src,eth calibrated,by_lidar,0-2,18377,3.93,5.47,3.8,2.52
pooled,es__chm_ign50__2022-2025__src,eth calibrated,by_lidar,2-5,11541,3.59,4.78,2.88,2.4
pooled,es__chm_ign50__2022-2025__src,eth calibrated,by_lidar,5-8,7485,3.17,4.04,1.25,1.16
pooled,es__chm_ign50__2022-2025__src,eth calibrated,by_lidar,8-12,9807,2.97,3.77,-0.27,-0.44
pooled,es__chm_ign50__2022-2025__src,eth calibrated,by_lidar,12-16,8425,3.22,4.03,-2.04,-2.13
pooled,es__chm_ign50__2022-2025__src,eth calibrated,by_lidar,16-20,6572,4.48,5.21,-4.24,-4.31
pooled,es__chm_ign50__2022-2025__src,eth calibrated,by_lidar,20-25,3924,7.01,7.65,-6.98,-6.8
pooled,es__chm_ign50__2022-2025__src,eth calibrated,by_lidar,25-35,1596,11.41,11.91,-11.41,-11.35
pooled,es__chm_ign50__2022-2025__src,eth calibrated,by_lidar,35-999,82,15.82,16.08,-15.82,-15.27
pooled,es__chm_ign50__2022-2025__src,eth calibrated,by_value,0-2,9220,1.42,2.25,-0.54,-0.03
pooled,es__chm_ign50__2022-2025__src,eth calibrated,by_value,2-5,10629,2.55,3.26,0.24,1.15
pooled,es__chm_ign50__2022-2025__src,eth calibrated,by_value,5-8,11312,3.72,4.4,1.19,2.02
pooled,es__chm_ign50__2022-2025__src,eth calibrated,by_value,8-12,17358,4.75,5.75,0.66,0.5
pooled,es__chm_ign50__2022-2025__src,eth calibrated,by_value,12-16,13713,5.32,6.63,-0.12,-0.75
pooled,es__chm_ign50__2022-2025__src,eth calibrated,by_value,16-20,4764,5.37,6.91,-1.1,-1.69
pooled,es__chm_ign50__2022-2025__src,eth calibrated,by_value,20-25,772,8.19,10.03,2.49,2.37
pooled,es__chm_ign50__2022-2025__src,meta_v1 matched,all,,67809,3.58,5.15,-0.92,
pooled,es__chm_ign50__2022-2025__src,meta_v1 matched,by_lidar,0-2,18377,1.65,3.42,1.58,1.13
pooled,es__chm_ign50__2022-2025__src,meta_v1 matched,by_lidar,2-5,11541,2.67,4.27,0.03,-1.19
pooled,es__chm_ign50__2022-2025__src,meta_v1 matched,by_lidar,5-8,7485,3.91,4.82,-1.74,-3.52
pooled,es__chm_ign50__2022-2025__src,meta_v1 matched,by_lidar,8-12,9807,4.32,5.43,-1.93,-2.67
pooled,es__chm_ign50__2022-2025__src,meta_v1 matched,by_lidar,12-16,8425,4.52,5.53,-2.57,-3.19
pooled,es__chm_ign50__2022-2025__src,meta_v1 matched,by_lidar,16-20,6572,4.94,6.1,-2.41,-2.78
pooled,es__chm_ign50__2022-2025__src,meta_v1 matched,by_lidar,20-25,3924,6.47,7.82,-2.94,-3.52
pooled,es__chm_ign50__2022-2025__src,meta_v1 matched,by_lidar,25-35,1596,8.25,9.78,-6.13,-7.08
pooled,es__chm_ign50__2022-2025__src,meta_v1 matched,by_lidar,35-999,82,12.54,14.26,-12.39,-13.17
pooled,es__chm_ign50__2022-2025__src,meta_v1 matched,by_value,0-2,32089,2.13,3.22,-1.23,-0.29
pooled,es__chm_ign50__2022-2025__src,meta_v1 matched,by_value,2-5,3025,3.73,4.78,-2.65,-2.51
pooled,es__chm_ign50__2022-2025__src,meta_v1 matched,by_value,5-8,7098,4.2,5.22,-2.97,-3.06
pooled,es__chm_ign50__2022-2025__src,meta_v1 matched,by_value,8-12,8951,4.62,5.81,-2.72,-2.83
pooled,es__chm_ign50__2022-2025__src,meta_v1 matched,by_value,12-16,7792,4.69,6.09,-0.57,-1.2
pooled,es__chm_ign50__2022-2025__src,meta_v1 matched,by_value,16-20,3583,4.96,6.78,1.63,0.75
pooled,es__chm_ign50__2022-2025__src,meta_v1 matched,by_value,20-25,3256,5.79,7.7,3.6,2.98
pooled,es__chm_ign50__2022-2025__src,meta_v1 matched,by_value,25-35,1779,8.72,10.66,8.02,7.2
pooled,es__chm_ign50__2022-2025__src,meta_v1 matched,by_value,35-999,236,13.72,15.4,13.66,13.53
pooled,es__chm_ign50__2022-2025__src,blend,all,,67809,3.22,4.48,-0.98,
pooled,es__chm_ign50__2022-2025__src,blend,by_lidar,0-2,18377,2.22,3.51,2.1,1.39
pooled,es__chm_ign50__2022-2025__src,blend,by_lidar,2-5,11541,2.21,3.56,0.73,-0.42
pooled,es__chm_ign50__2022-2025__src,blend,by_lidar,5-8,7485,2.96,3.66,-0.79,-1.62
pooled,es__chm_ign50__2022-2025__src,blend,by_lidar,8-12,9807,2.91,3.71,-1.34,-1.5
pooled,es__chm_ign50__2022-2025__src,blend,by_lidar,12-16,8425,3.37,4.08,-2.66,-2.83
pooled,es__chm_ign50__2022-2025__src,blend,by_lidar,16-20,6572,4.38,5.09,-4.18,-4.14
pooled,es__chm_ign50__2022-2025__src,blend,by_lidar,20-25,3924,6.55,7.34,-6.52,-6.24
pooled,es__chm_ign50__2022-2025__src,blend,by_lidar,25-35,1596,10.8,11.38,-10.8,-10.75
pooled,es__chm_ign50__2022-2025__src,blend,by_lidar,35-999,82,15.99,16.3,-15.99,-15.24
pooled,es__chm_ign50__2022-2025__src,blend,by_value,0-2,11141,1.34,1.98,-0.34,0.08
pooled,es__chm_ign50__2022-2025__src,blend,by_value,2-5,19707,2.25,2.98,-0.42,0.19
pooled,es__chm_ign50__2022-2025__src,blend,by_value,5-8,7421,3.09,3.89,-0.61,-0.8
pooled,es__chm_ign50__2022-2025__src,blend,by_value,8-12,13676,4.09,5.18,-1.84,-2.12
pooled,es__chm_ign50__2022-2025__src,blend,by_value,12-16,10224,4.87,6.13,-1.49,-2.26
pooled,es__chm_ign50__2022-2025__src,blend,by_value,16-20,4685,5.16,6.68,-1.76,-2.47
pooled,es__chm_ign50__2022-2025__src,blend,by_value,20-25,941,6.54,8.34,-0.77,-1.73
pooled,es__chm_ign50__2022-2025__src,"blend, gated",all,,67809,3.29,4.59,-1.29,
pooled,es__chm_ign50__2022-2025__src,"blend, gated",by_lidar,0-2,18377,1.86,3.2,1.85,1.47
pooled,es__chm_ign50__2022-2025__src,"blend, gated",by_lidar,2-5,11541,2.34,3.6,0.21,-0.87
pooled,es__chm_ign50__2022-2025__src,"blend, gated",by_lidar,5-8,7485,3.51,4.14,-1.48,-3.21
pooled,es__chm_ign50__2022-2025__src,"blend, gated",by_lidar,8-12,9807,3.32,4.26,-1.77,-1.68
pooled,es__chm_ign50__2022-2025__src,"blend, gated",by_lidar,12-16,8425,3.52,4.39,-2.81,-2.84
pooled,es__chm_ign50__2022-2025__src,"blend, gated",by_lidar,16-20,6572,4.42,5.19,-4.22,-4.14
pooled,es__chm_ign50__2022-2025__src,"blend, gated",by_lidar,20-25,3924,6.58,7.39,-6.54,-6.24
pooled,es__chm_ign50__2022-2025__src,"blend, gated",by_lidar,25-35,1596,10.84,11.46,-10.84,-10.75
pooled,es__chm_ign50__2022-2025__src,"blend, gated",by_lidar,35-999,82,16.2,16.67,-16.2,-15.24
pooled,es__chm_ign50__2022-2025__src,"blend, gated",by_value,0-2,32089,2.12,3.11,-0.9,0.05
pooled,es__chm_ign50__2022-2025__src,"blend, gated",by_value,5-8,6862,3.14,4.04,-1.35,-1.39
pooled,es__chm_ign50__2022-2025__src,"blend, gated",by_value,8-12,13004,4.09,5.17,-1.95,-2.23
pooled,es__chm_ign50__2022-2025__src,"blend, gated",by_value,12-16,10214,4.87,6.13,-1.49,-2.26
pooled,es__chm_ign50__2022-2025__src,"blend, gated",by_value,16-20,4685,5.16,6.68,-1.76,-2.47
pooled,es__chm_ign50__2022-2025__src,"blend, gated",by_value,20-25,941,6.54,8.34,-0.77,-1.73
pooled,es__chm_ign50__2022-2025__src,"blend, independent",all,,67809,3.27,4.48,-0.57,
pooled,es__chm_ign50__2022-2025__src,"blend, independent",by_lidar,0-2,18377,2.76,3.91,2.72,1.87
pooled,es__chm_ign50__2022-2025__src,"blend, independent",by_lidar,2-5,11541,2.2,3.59,1.41,0.49
pooled,es__chm_ign50__2022-2025__src,"blend, independent",by_lidar,5-8,7485,2.51,3.31,-0.26,-0.86
pooled,es__chm_ign50__2022-2025__src,"blend, independent",by_lidar,8-12,9807,2.75,3.48,-1.14,-1.46
pooled,es__chm_ign50__2022-2025__src,"blend, independent",by_lidar,12-16,8425,3.32,3.99,-2.59,-2.81
pooled,es__chm_ign50__2022-2025__src,"blend, independent",by_lidar,16-20,6572,4.38,5.07,-4.12,-4.15
pooled,es__chm_ign50__2022-2025__src,"blend, independent",by_lidar,20-25,3924,6.39,7.25,-6.29,-6.16
pooled,es__chm_ign50__2022-2025__src,"blend, independent",by_lidar,25-35,1596,10.43,11.12,-10.43,-10.57
pooled,es__chm_ign50__2022-2025__src,"blend, independent",by_lidar,35-999,82,15.72,16.08,-15.72,-14.62
pooled,es__chm_ign50__2022-2025__src,"blend, independent",by_value,0-2,8963,1.25,1.79,0.04,0.4
pooled,es__chm_ign50__2022-2025__src,"blend, independent",by_value,2-5,19009,2.17,2.73,0.39,0.91
pooled,es__chm_ign50__2022-2025__src,"blend, independent",by_value,5-8,10162,3.26,4.01,-0.05,-0.13
pooled,es__chm_ign50__2022-2025__src,"blend, independent",by_value,8-12,13726,4.1,5.19,-1.72,-2.03
pooled,es__chm_ign50__2022-2025__src,"blend, independent",by_value,12-16,10260,4.87,6.13,-1.49,-2.23
pooled,es__chm_ign50__2022-2025__src,"blend, independent",by_value,16-20,4360,5.08,6.67,-1.4,-2.1
pooled,es__chm_ign50__2022-2025__src,"blend, independent",by_value,20-25,1297,5.74,7.56,-0.56,-1.34
pooled,es__chm_ign50__2022-2025__src,table,all,,67809,3.22,4.53,-1.14,
pooled,es__chm_ign50__2022-2025__src,table,by_lidar,0-2,18377,1.95,3.35,1.74,1.02
pooled,es__chm_ign50__2022-2025__src,table,by_lidar,2-5,11541,2.31,3.68,0.44,-0.78
pooled,es__chm_ign50__2022-2025__src,table,by_lidar,5-8,7485,3.24,3.93,-1.18,-2.39
pooled,es__chm_ign50__2022-2025__src,table,by_lidar,8-12,9807,3.31,4.1,-1.59,-1.86
pooled,es__chm_ign50__2022-2025__src,table,by_lidar,12-16,8425,3.43,4.29,-2.52,-2.47
pooled,es__chm_ign50__2022-2025__src,table,by_lidar,16-20,6572,4.1,4.93,-3.83,-3.61
pooled,es__chm_ign50__2022-2025__src,table,by_lidar,20-25,3924,6.34,7.18,-6.29,-6.09
pooled,es__chm_ign50__2022-2025__src,table,by_lidar,25-35,1596,10.79,11.36,-10.79,-10.66
pooled,es__chm_ign50__2022-2025__src,table,by_lidar,35-999,82,16.05,16.74,-16.05,-15.74
pooled,es__chm_ign50__2022-2025__src,table,by_value,0-2,15650,1.39,2.12,-0.64,-0.18
pooled,es__chm_ign50__2022-2025__src,table,by_value,2-5,17006,2.61,3.47,-0.9,-0.32
pooled,es__chm_ign50__2022-2025__src,table,by_value,5-8,7112,3.25,4.12,-1.55,-1.69
pooled,es__chm_ign50__2022-2025__src,table,by_value,8-12,10935,4.01,5.11,-2.11,-2.22
pooled,es__chm_ign50__2022-2025__src,table,by_value,12-16,10686,4.88,6.19,-1.09,-1.93
pooled,es__chm_ign50__2022-2025__src,table,by_value,16-20,5475,4.99,6.58,-1.01,-1.5
pooled,es__chm_ign50__2022-2025__src,table,by_value,20-25,917,6.12,8.04,-0.4,-1.44
pooled,fr__chm_lidarhd__2022__src,meta_v1 raw,all,,336284,3.79,4.85,-2.48,
pooled,fr__chm_lidarhd__2022__src,meta_v1 raw,by_lidar,0-2,34260,1.41,2.45,-0.3,-0.93
pooled,fr__chm_lidarhd__2022__src,meta_v1 raw,by_lidar,2-5,32096,3.06,3.46,-2.08,-2.77
pooled,fr__chm_lidarhd__2022__src,meta_v1 raw,by_lidar,5-8,70925,3.34,3.95,-1.88,-2.34
pooled,fr__chm_lidarhd__2022__src,meta_v1 raw,by_lidar,8-12,87299,3.59,4.42,-1.72,-1.88
pooled,fr__chm_lidarhd__2022__src,meta_v1 raw,by_lidar,12-16,52558,4.3,5.31,-3.01,-3.08
pooled,fr__chm_lidarhd__2022__src,meta_v1 raw,by_lidar,16-20,39846,5.31,6.43,-4.48,-4.53
pooled,fr__chm_lidarhd__2022__src,meta_v1 raw,by_lidar,20-25,18301,7.05,8.18,-6.81,-6.72
pooled,fr__chm_lidarhd__2022__src,meta_v1 raw,by_lidar,25-35,995,11.07,12.07,-11.05,-10.91
pooled,fr__chm_lidarhd__2022__src,meta_v1 raw,by_value,0-2,75886,3.47,4.58,-3.47,-2.8
pooled,fr__chm_lidarhd__2022__src,meta_v1 raw,by_value,2-5,44040,4.6,5.44,-4.47,-4.08
pooled,fr__chm_lidarhd__2022__src,meta_v1 raw,by_value,5-8,55083,3.85,5.03,-3.49,-2.89
pooled,fr__chm_lidarhd__2022__src,meta_v1 raw,by_value,8-12,74964,3.66,4.84,-2.24,-1.61
pooled,fr__chm_lidarhd__2022__src,meta_v1 raw,by_value,12-16,52824,3.82,4.71,-0.99,-0.85
pooled,fr__chm_lidarhd__2022__src,meta_v1 raw,by_value,16-20,25033,3.41,4.27,0.46,0.17
pooled,fr__chm_lidarhd__2022__src,meta_v1 raw,by_value,20-25,7746,3.79,4.82,2.93,2.73
pooled,fr__chm_lidarhd__2022__src,meta_v1 raw,by_value,25-35,708,7.69,8.48,7.64,7.12
pooled,fr__chm_lidarhd__2022__src,eth raw,all,,336284,4.27,5.21,3.58,
pooled,fr__chm_lidarhd__2022__src,eth raw,by_lidar,0-2,34260,5.49,6.95,5.22,4.81
pooled,fr__chm_lidarhd__2022__src,eth raw,by_lidar,2-5,32096,6.84,7.4,6.71,6.69
pooled,fr__chm_lidarhd__2022__src,eth raw,by_lidar,5-8,70925,5.19,5.71,5.13,4.73
pooled,fr__chm_lidarhd__2022__src,eth raw,by_lidar,8-12,87299,3.9,4.73,3.71,3.31
pooled,fr__chm_lidarhd__2022__src,eth raw,by_lidar,12-16,52558,3.03,3.85,2.26,2.09
pooled,fr__chm_lidarhd__2022__src,eth raw,by_lidar,16-20,39846,2.67,3.29,0.96,1.08
pooled,fr__chm_lidarhd__2022__src,eth raw,by_lidar,20-25,18301,2.67,3.42,-1.51,-1.33
pooled,fr__chm_lidarhd__2022__src,eth raw,by_lidar,25-35,995,5.77,6.58,-5.74,-5.53
pooled,fr__chm_lidarhd__2022__src,eth raw,by_value,0-2,8767,1.11,1.78,-0.78,-0.55
pooled,fr__chm_lidarhd__2022__src,eth raw,by_value,2-5,9759,2.58,3.05,1.54,2.13
pooled,fr__chm_lidarhd__2022__src,eth raw,by_value,5-8,10500,4.73,5.07,3.89,4.84
pooled,fr__chm_lidarhd__2022__src,eth raw,by_value,8-12,98351,4.17,4.82,3.88,3.88
pooled,fr__chm_lidarhd__2022__src,eth raw,by_value,12-16,105925,4.38,5.3,3.61,3.74
pooled,fr__chm_lidarhd__2022__src,eth raw,by_value,16-20,64786,4.64,5.82,3.6,3.42
pooled,fr__chm_lidarhd__2022__src,eth raw,by_value,20-25,36414,4.58,5.78,4.1,3.71
pooled,fr__chm_lidarhd__2022__src,eth raw,by_value,25-35,1782,5.75,6.57,5.7,5.53
pooled,fr__chm_lidarhd__2022__src,meta_v1 calibrated,all,,336284,3.33,4.59,0.65,
pooled,fr__chm_lidarhd__2022__src,meta_v1 calibrated,by_lidar,0-2,34260,1.82,3.28,1.82,1.01
pooled,fr__chm_lidarhd__2022__src,meta_v1 calibrated,by_lidar,2-5,32096,2.53,3.35,0.83,-0.3
pooled,fr__chm_lidarhd__2022__src,meta_v1 calibrated,by_lidar,5-8,70925,2.93,3.68,1.58,1.7
pooled,fr__chm_lidarhd__2022__src,meta_v1 calibrated,by_lidar,8-12,87299,2.95,4.09,1.37,1.02
pooled,fr__chm_lidarhd__2022__src,meta_v1 calibrated,by_lidar,12-16,52558,3.55,4.85,-0.05,-0.72
pooled,fr__chm_lidarhd__2022__src,meta_v1 calibrated,by_lidar,16-20,39846,5.02,6.38,-0.99,-2.3
pooled,fr__chm_lidarhd__2022__src,meta_v1 calibrated,by_lidar,20-25,18301,6.31,7.33,-2.87,-4.34
pooled,fr__chm_lidarhd__2022__src,meta_v1 calibrated,by_lidar,25-35,995,8.77,9.94,-6.77,-8.37
pooled,fr__chm_lidarhd__2022__src,meta_v1 calibrated,by_value,0-2,62157,2.13,3.11,-1.15,-0.1
pooled,fr__chm_lidarhd__2022__src,meta_v1 calibrated,by_value,5-8,44733,2.14,3.01,-0.25,0.14
pooled,fr__chm_lidarhd__2022__src,meta_v1 calibrated,by_value,8-12,106752,2.93,3.8,0.01,0.65
pooled,fr__chm_lidarhd__2022__src,meta_v1 calibrated,by_value,12-16,66697,3.8,4.62,0.73,1.18
pooled,fr__chm_lidarhd__2022__src,meta_v1 calibrated,by_value,16-20,36346,4.01,4.99,2.09,2.0
pooled,fr__chm_lidarhd__2022__src,meta_v1 calibrated,by_value,20-25,7607,5.67,6.91,5.33,4.89
pooled,fr__chm_lidarhd__2022__src,meta_v1 calibrated,by_value,25-35,10770,10.59,11.61,10.57,10.41
pooled,fr__chm_lidarhd__2022__src,meta_v1 calibrated,by_value,35-999,1222,17.97,18.32,17.97,17.64
pooled,fr__chm_lidarhd__2022__src,eth calibrated,all,,336284,3.0,3.93,-1.11,
pooled,fr__chm_lidarhd__2022__src,eth calibrated,by_lidar,0-2,34260,2.25,3.53,1.98,0.98
pooled,fr__chm_lidarhd__2022__src,eth calibrated,by_lidar,2-5,32096,2.35,3.24,1.67,1.24
pooled,fr__chm_lidarhd__2022__src,eth calibrated,by_lidar,5-8,70925,2.01,2.7,-0.08,-0.57
pooled,fr__chm_lidarhd__2022__src,eth calibrated,by_lidar,8-12,87299,2.79,3.4,-1.27,-1.71
pooled,fr__chm_lidarhd__2022__src,eth calibrated,by_lidar,12-16,52558,3.49,4.23,-2.48,-2.69
pooled,fr__chm_lidarhd__2022__src,eth calibrated,by_lidar,16-20,39846,4.19,5.05,-3.41,-3.46
pooled,fr__chm_lidarhd__2022__src,eth calibrated,by_lidar,20-25,18301,5.93,6.78,-5.63,-5.75
pooled,fr__chm_lidarhd__2022__src,eth calibrated,by_lidar,25-35,995,9.72,10.5,-9.69,-9.97
pooled,fr__chm_lidarhd__2022__src,eth calibrated,by_value,0-2,25783,1.39,2.57,-0.72,-0.08
pooled,fr__chm_lidarhd__2022__src,eth calibrated,by_value,2-5,49130,2.55,3.22,-1.61,-1.63
pooled,fr__chm_lidarhd__2022__src,eth calibrated,by_value,5-8,91458,2.71,3.5,-1.44,-1.39
pooled,fr__chm_lidarhd__2022__src,eth calibrated,by_value,8-12,83007,3.43,4.4,-1.28,-1.19
pooled,fr__chm_lidarhd__2022__src,eth calibrated,by_value,12-16,56126,3.78,4.67,-1.03,-1.32
pooled,fr__chm_lidarhd__2022__src,eth calibrated,by_value,16-20,24754,3.21,4.12,0.0,-0.37
pooled,fr__chm_lidarhd__2022__src,eth calibrated,by_value,20-25,5537,3.5,4.56,2.83,2.53
pooled,fr__chm_lidarhd__2022__src,eth calibrated,by_value,25-35,489,7.08,7.79,7.03,7.05
pooled,fr__chm_lidarhd__2022__src,meta_v1 matched,all,,336284,3.74,5.22,1.26,
pooled,fr__chm_lidarhd__2022__src,meta_v1 matched,by_lidar,0-2,34260,1.6,3.38,1.53,0.68
pooled,fr__chm_lidarhd__2022__src,meta_v1 matched,by_lidar,2-5,32096,2.5,3.49,0.44,-0.64
pooled,fr__chm_lidarhd__2022__src,meta_v1 matched,by_lidar,5-8,70925,3.15,4.14,1.44,1.23
pooled,fr__chm_lidarhd__2022__src,meta_v1 matched,by_lidar,8-12,87299,3.79,5.15,1.94,1.39
pooled,fr__chm_lidarhd__2022__src,meta_v1 matched,by_lidar,12-16,52558,4.45,5.94,1.26,0.42
pooled,fr__chm_lidarhd__2022__src,meta_v1 matched,by_lidar,16-20,39846,5.5,7.03,0.9,-0.17
pooled,fr__chm_lidarhd__2022__src,meta_v1 matched,by_lidar,20-25,18301,5.84,7.2,-0.67,-1.37
pooled,fr__chm_lidarhd__2022__src,meta_v1 matched,by_lidar,25-35,995,7.37,8.83,-4.5,-5.21
pooled,fr__chm_lidarhd__2022__src,meta_v1 matched,by_value,0-2,62157,2.16,3.24,-1.48,-0.45
pooled,fr__chm_lidarhd__2022__src,meta_v1 matched,by_value,2-5,13729,2.24,3.18,-1.39,-1.04
pooled,fr__chm_lidarhd__2022__src,meta_v1 matched,by_value,5-8,44040,2.25,3.2,-0.77,-0.37
pooled,fr__chm_lidarhd__2022__src,meta_v1 matched,by_value,8-12,74225,2.9,3.77,-0.02,0.59
pooled,fr__chm_lidarhd__2022__src,meta_v1 matched,by_value,12-16,71880,3.92,4.72,1.56,2.11
pooled,fr__chm_lidarhd__2022__src,meta_v1 matched,by_value,16-20,28235,4.91,5.98,3.79,3.95
pooled,fr__chm_lidarhd__2022__src,meta_v1 matched,by_value,20-25,24395,6.15,7.39,5.82,5.57
pooled,fr__chm_lidarhd__2022__src,meta_v1 matched,by_value,25-35,15498,10.79,11.67,10.77,10.55
pooled,fr__chm_lidarhd__2022__src,meta_v1 matched,by_value,35-999,2125,19.15,19.59,19.15,18.81
pooled,fr__chm_lidarhd__2022__src,blend,all,,336284,2.57,3.43,-0.34,
pooled,fr__chm_lidarhd__2022__src,blend,by_lidar,0-2,34260,1.7,2.88,1.44,0.81
pooled,fr__chm_lidarhd__2022__src,blend,by_lidar,2-5,32096,2.22,2.85,0.85,0.11
pooled,fr__chm_lidarhd__2022__src,blend,by_lidar,5-8,70925,2.18,2.74,0.93,1.13
pooled,fr__chm_lidarhd__2022__src,blend,by_lidar,8-12,87299,2.08,2.73,0.22,0.11
pooled,fr__chm_lidarhd__2022__src,blend,by_lidar,12-16,52558,2.74,3.4,-1.37,-1.54
pooled,fr__chm_lidarhd__2022__src,blend,by_lidar,16-20,39846,3.72,4.53,-2.67,-2.85
pooled,fr__chm_lidarhd__2022__src,blend,by_lidar,20-25,18301,5.33,6.21,-4.92,-5.01
pooled,fr__chm_lidarhd__2022__src,blend,by_lidar,25-35,995,9.07,9.94,-9.03,-9.16
pooled,fr__chm_lidarhd__2022__src,blend,by_value,0-2,29972,1.37,2.14,-0.73,-0.22
pooled,fr__chm_lidarhd__2022__src,blend,by_value,2-5,31351,2.39,3.25,-1.32,-0.89
pooled,fr__chm_lidarhd__2022__src,blend,by_value,5-8,59609,1.91,2.62,-0.11,0.05
pooled,fr__chm_lidarhd__2022__src,blend,by_value,8-12,115038,2.72,3.56,-0.28,0.19
pooled,fr__chm_lidarhd__2022__src,blend,by_value,12-16,63981,3.33,4.14,-0.56,-0.39
pooled,fr__chm_lidarhd__2022__src,blend,by_value,16-20,28164,2.88,3.62,0.01,-0.1
pooled,fr__chm_lidarhd__2022__src,blend,by_value,20-25,7412,3.14,3.93,2.26,2.23
pooled,fr__chm_lidarhd__2022__src,blend,by_value,25-35,757,6.41,7.0,6.38,6.29
pooled,fr__chm_lidarhd__2022__src,"blend, gated",all,,336284,2.61,3.48,-0.38,
pooled,fr__chm_lidarhd__2022__src,"blend, gated",by_lidar,0-2,34260,1.69,2.82,1.69,1.01
pooled,fr__chm_lidarhd__2022__src,"blend, gated",by_lidar,2-5,32096,2.31,2.89,0.6,-0.3
pooled,fr__chm_lidarhd__2022__src,"blend, gated",by_lidar,5-8,70925,2.24,2.83,0.84,1.09
pooled,fr__chm_lidarhd__2022__src,"blend, gated",by_lidar,8-12,87299,2.12,2.81,0.17,0.11
pooled,fr__chm_lidarhd__2022__src,"blend, gated",by_lidar,12-16,52558,2.77,3.48,-1.4,-1.54
pooled,fr__chm_lidarhd__2022__src,"blend, gated",by_lidar,16-20,39846,3.73,4.57,-2.69,-2.85
pooled,fr__chm_lidarhd__2022__src,"blend, gated",by_lidar,20-25,18301,5.34,6.24,-4.93,-5.01
pooled,fr__chm_lidarhd__2022__src,"blend, gated",by_lidar,25-35,995,9.08,9.96,-9.04,-9.16
pooled,fr__chm_lidarhd__2022__src,"blend, gated",by_value,0-2,62157,2.13,3.11,-1.15,-0.1
pooled,fr__chm_lidarhd__2022__src,"blend, gated",by_value,5-8,59508,1.91,2.63,-0.17,0.03
pooled,fr__chm_lidarhd__2022__src,"blend, gated",by_value,8-12,114317,2.71,3.56,-0.29,0.19
pooled,fr__chm_lidarhd__2022__src,"blend, gated",by_value,12-16,63969,3.33,4.14,-0.56,-0.4
pooled,fr__chm_lidarhd__2022__src,"blend, gated",by_value,16-20,28164,2.88,3.62,0.01,-0.1
pooled,fr__chm_lidarhd__2022__src,"blend, gated",by_value,20-25,7412,3.14,3.93,2.26,2.23
pooled,fr__chm_lidarhd__2022__src,"blend, gated",by_value,25-35,757,6.41,7.0,6.38,6.29
pooled,fr__chm_lidarhd__2022__src,"blend, independent",all,,336284,2.56,3.42,-0.29,
pooled,fr__chm_lidarhd__2022__src,"blend, independent",by_lidar,0-2,34260,1.95,2.98,1.87,1.26
pooled,fr__chm_lidarhd__2022__src,"blend, independent",by_lidar,2-5,32096,1.93,2.65,1.21,0.82
pooled,fr__chm_lidarhd__2022__src,"blend, independent",by_lidar,5-8,70925,1.96,2.52,0.82,0.81
pooled,fr__chm_lidarhd__2022__src,"blend, independent",by_lidar,8-12,87299,2.13,2.74,0.09,-0.07
pooled,fr__chm_lidarhd__2022__src,"blend, independent",by_lidar,12-16,52558,2.83,3.5,-1.36,-1.58
pooled,fr__chm_lidarhd__2022__src,"blend, independent",by_lidar,16-20,39846,3.84,4.62,-2.51,-2.83
pooled,fr__chm_lidarhd__2022__src,"blend, independent",by_lidar,20-25,18301,5.28,6.19,-4.69,-4.92
pooled,fr__chm_lidarhd__2022__src,"blend, independent",by_lidar,25-35,995,8.82,9.8,-8.74,-9.02
pooled,fr__chm_lidarhd__2022__src,"blend, independent",by_value,0-2,22957,1.04,1.73,0.08,0.39
pooled,fr__chm_lidarhd__2022__src,"blend, independent",by_value,2-5,38987,2.1,2.76,-0.6,-0.32
pooled,fr__chm_lidarhd__2022__src,"blend, independent",by_value,5-8,67991,2.02,2.76,-0.37,-0.25
pooled,fr__chm_lidarhd__2022__src,"blend, independent",by_value,8-12,106903,2.73,3.58,-0.45,0.03
pooled,fr__chm_lidarhd__2022__src,"blend, independent",by_value,12-16,62732,3.33,4.15,-0.61,-0.46
pooled,fr__chm_lidarhd__2022__src,"blend, independent",by_value,16-20,26091,2.97,3.73,0.13,-0.03
pooled,fr__chm_lidarhd__2022__src,"blend, independent",by_value,20-25,9257,3.31,4.11,2.55,2.52
pooled,fr__chm_lidarhd__2022__src,"blend, independent",by_value,25-35,1366,6.5,7.05,6.48,6.4
pooled,fr__chm_lidarhd__2022__src,table,all,,336284,2.6,3.5,-0.32,
pooled,fr__chm_lidarhd__2022__src,table,by_lidar,0-2,34260,1.49,2.7,1.09,0.54
pooled,fr__chm_lidarhd__2022__src,table,by_lidar,2-5,32096,2.19,2.86,0.67,-0.01
pooled,fr__chm_lidarhd__2022__src,table,by_lidar,5-8,70925,2.29,2.85,0.96,1.22
pooled,fr__chm_lidarhd__2022__src,table,by_lidar,8-12,87299,2.2,2.95,0.22,0.04
pooled,fr__chm_lidarhd__2022__src,table,by_lidar,12-16,52558,2.88,3.63,-1.21,-1.2
pooled,fr__chm_lidarhd__2022__src,table,by_lidar,16-20,39846,3.53,4.48,-2.41,-2.43
pooled,fr__chm_lidarhd__2022__src,table,by_lidar,20-25,18301,5.24,6.12,-4.66,-4.77
pooled,fr__chm_lidarhd__2022__src,table,by_lidar,25-35,995,9.22,9.93,-8.92,-8.98
pooled,fr__chm_lidarhd__2022__src,table,by_value,0-2,36196,1.43,2.31,-0.96,-0.4
pooled,fr__chm_lidarhd__2022__src,table,by_value,2-5,30361,2.57,3.53,-1.56,-1.21
pooled,fr__chm_lidarhd__2022__src,table,by_value,5-8,51896,2.06,2.83,-0.26,0.01
pooled,fr__chm_lidarhd__2022__src,table,by_value,8-12,115161,2.57,3.38,-0.28,0.25
pooled,fr__chm_lidarhd__2022__src,table,by_value,12-16,63135,3.43,4.26,-0.25,-0.13
pooled,fr__chm_lidarhd__2022__src,table,by_value,16-20,32576,2.9,3.7,0.32,0.14
pooled,fr__chm_lidarhd__2022__src,table,by_value,20-25,6141,3.49,4.4,2.76,2.68
pooled,fr__chm_lidarhd__2022__src,table,by_value,25-35,789,10.35,11.03,10.3,10.63
pooled,pt__chm_dgt__2024-2025__src,meta_v1 raw,all,,349358,4.71,6.41,-2.81,
pooled,pt__chm_dgt__2024-2025__src,meta_v1 raw,by_lidar,0-2,92481,1.94,4.22,0.98,-0.23
pooled,pt__chm_dgt__2024-2025__src,meta_v1 raw,by_lidar,2-5,61181,3.14,4.01,-0.64,-2.13
pooled,pt__chm_dgt__2024-2025__src,meta_v1 raw,by_lidar,5-8,44858,4.37,5.11,-1.82,-3.1
pooled,pt__chm_dgt__2024-2025__src,meta_v1 raw,by_lidar,8-12,58428,5.6,6.5,-4.21,-5.0
pooled,pt__chm_dgt__2024-2025__src,meta_v1 raw,by_lidar,12-16,50440,7.14,8.25,-6.51,-6.93
pooled,pt__chm_dgt__2024-2025__src,meta_v1 raw,by_lidar,16-20,22794,8.12,9.32,-7.75,-7.75
pooled,pt__chm_dgt__2024-2025__src,meta_v1 raw,by_lidar,20-25,13435,9.32,10.31,-9.22,-9.1
pooled,pt__chm_dgt__2024-2025__src,meta_v1 raw,by_lidar,25-35,5505,13.32,14.14,-13.3,-13.27
pooled,pt__chm_dgt__2024-2025__src,meta_v1 raw,by_lidar,35-999,236,23.76,26.43,-23.76,-20.36
pooled,pt__chm_dgt__2024-2025__src,meta_v1 raw,by_value,0-2,146676,3.37,5.22,-3.35,-1.78
pooled,pt__chm_dgt__2024-2025__src,meta_v1 raw,by_value,2-5,56744,5.52,7.02,-5.01,-4.62
pooled,pt__chm_dgt__2024-2025__src,meta_v1 raw,by_value,5-8,44334,5.15,6.45,-3.67,-3.61
pooled,pt__chm_dgt__2024-2025__src,meta_v1 raw,by_value,8-12,48180,5.16,6.47,-2.35,-2.42
pooled,pt__chm_dgt__2024-2025__src,meta_v1 raw,by_value,12-16,32857,6.03,7.44,-0.12,-0.43
pooled,pt__chm_dgt__2024-2025__src,meta_v1 raw,by_value,16-20,15615,7.45,9.1,2.7,2.15
pooled,pt__chm_dgt__2024-2025__src,meta_v1 raw,by_value,20-25,4431,8.9,10.91,5.88,5.88
pooled,pt__chm_dgt__2024-2025__src,meta_v1 raw,by_value,25-35,521,10.2,12.53,9.02,8.48
pooled,pt__chm_dgt__2024-2025__src,eth raw,all,,349358,6.6,8.05,5.39,
pooled,pt__chm_dgt__2024-2025__src,eth raw,by_lidar,0-2,92481,9.09,10.49,9.05,9.6
pooled,pt__chm_dgt__2024-2025__src,eth raw,by_lidar,2-5,61181,8.89,9.65,8.71,8.97
pooled,pt__chm_dgt__2024-2025__src,eth raw,by_lidar,5-8,44858,7.13,7.88,6.66,6.88
pooled,pt__chm_dgt__2024-2025__src,eth raw,by_lidar,8-12,58428,4.81,5.76,4.16,4.08
pooled,pt__chm_dgt__2024-2025__src,eth raw,by_lidar,12-16,50440,2.9,4.01,1.64,1.28
pooled,pt__chm_dgt__2024-2025__src,eth raw,by_lidar,16-20,22794,2.92,3.65,-0.47,-0.95
pooled,pt__chm_dgt__2024-2025__src,eth raw,by_lidar,20-25,13435,4.39,5.09,-3.76,-4.12
pooled,pt__chm_dgt__2024-2025__src,eth raw,by_lidar,25-35,5505,8.19,8.84,-8.14,-8.14
pooled,pt__chm_dgt__2024-2025__src,eth raw,by_lidar,35-999,236,20.02,22.98,-20.02,-16.47
pooled,pt__chm_dgt__2024-2025__src,eth raw,by_value,0-2,14508,2.23,4.15,-1.65,-0.12
pooled,pt__chm_dgt__2024-2025__src,eth raw,by_value,2-5,14137,3.05,3.91,1.15,2.27
pooled,pt__chm_dgt__2024-2025__src,eth raw,by_value,5-8,16130,4.73,5.21,4.04,5.07
pooled,pt__chm_dgt__2024-2025__src,eth raw,by_value,8-12,72251,6.77,7.46,6.36,7.54
pooled,pt__chm_dgt__2024-2025__src,eth raw,by_value,12-16,137136,6.51,7.77,5.55,5.93
pooled,pt__chm_dgt__2024-2025__src,eth raw,by_value,16-20,67948,7.57,9.1,5.73,5.82
pooled,pt__chm_dgt__2024-2025__src,eth raw,by_value,20-25,23327,8.45,10.32,6.65,6.51
pooled,pt__chm_dgt__2024-2025__src,eth raw,by_value,25-35,3921,16.08,18.19,15.72,14.42
pooled,pt__chm_dgt__2024-2025__src,meta_v1 calibrated,all,,349358,4.27,5.96,0.23,
pooled,pt__chm_dgt__2024-2025__src,meta_v1 calibrated,by_lidar,0-2,92481,3.44,5.84,3.44,1.75
pooled,pt__chm_dgt__2024-2025__src,meta_v1 calibrated,by_lidar,2-5,61181,3.6,5.06,2.48,2.2
pooled,pt__chm_dgt__2024-2025__src,meta_v1 calibrated,by_lidar,5-8,44858,3.91,5.24,1.46,1.24
pooled,pt__chm_dgt__2024-2025__src,meta_v1 calibrated,by_lidar,8-12,58428,3.85,5.16,-0.87,-1.22
pooled,pt__chm_dgt__2024-2025__src,meta_v1 calibrated,by_lidar,12-16,50440,4.96,6.14,-3.25,-3.78
pooled,pt__chm_dgt__2024-2025__src,meta_v1 calibrated,by_lidar,16-20,22794,6.2,7.32,-4.54,-5.35
pooled,pt__chm_dgt__2024-2025__src,meta_v1 calibrated,by_lidar,20-25,13435,7.36,8.3,-5.96,-6.85
pooled,pt__chm_dgt__2024-2025__src,meta_v1 calibrated,by_lidar,25-35,5505,10.49,11.61,-9.57,-10.73
pooled,pt__chm_dgt__2024-2025__src,meta_v1 calibrated,by_lidar,35-999,236,18.54,23.15,-18.5,-16.92
pooled,pt__chm_dgt__2024-2025__src,meta_v1 calibrated,by_value,0-2,120888,2.57,3.93,-1.05,0.48
pooled,pt__chm_dgt__2024-2025__src,meta_v1 calibrated,by_value,5-8,67989,4.0,4.81,-0.54,0.22
pooled,pt__chm_dgt__2024-2025__src,meta_v1 calibrated,by_value,8-12,84321,4.41,5.42,-0.17,-0.12
pooled,pt__chm_dgt__2024-2025__src,meta_v1 calibrated,by_value,12-16,41611,5.36,6.73,0.84,0.69
pooled,pt__chm_dgt__2024-2025__src,meta_v1 calibrated,by_value,16-20,22380,7.13,8.84,3.57,3.1
pooled,pt__chm_dgt__2024-2025__src,meta_v1 calibrated,by_value,20-25,5736,9.65,11.99,8.13,7.38
pooled,pt__chm_dgt__2024-2025__src,meta_v1 calibrated,by_value,25-35,5677,14.73,17.15,14.19,14.41
pooled,pt__chm_dgt__2024-2025__src,meta_v1 calibrated,by_value,35-999,756,20.77,22.44,20.73,20.36
pooled,pt__chm_dgt__2024-2025__src,eth calibrated,all,,349358,4.59,5.96,0.87,
pooled,pt__chm_dgt__2024-2025__src,eth calibrated,by_lidar,0-2,92481,4.94,6.73,4.91,4.17
pooled,pt__chm_dgt__2024-2025__src,eth calibrated,by_lidar,2-5,61181,4.5,5.55,3.95,3.89
pooled,pt__chm_dgt__2024-2025__src,eth calibrated,by_lidar,5-8,44858,3.5,4.49,1.94,1.89
pooled,pt__chm_dgt__2024-2025__src,eth calibrated,by_lidar,8-12,58428,3.08,4.06,-0.56,-0.84
pooled,pt__chm_dgt__2024-2025__src,eth calibrated,by_lidar,12-16,50440,4.23,5.03,-3.04,-3.59
pooled,pt__chm_dgt__2024-2025__src,eth calibrated,by_lidar,16-20,22794,5.8,6.58,-4.93,-5.67
pooled,pt__chm_dgt__2024-2025__src,eth calibrated,by_lidar,20-25,13435,8.47,9.13,-8.1,-8.73
pooled,pt__chm_dgt__2024-2025__src,eth calibrated,by_lidar,25-35,5505,12.35,12.95,-12.29,-12.57
pooled,pt__chm_dgt__2024-2025__src,eth calibrated,by_lidar,35-999,236,23.5,25.98,-23.5,-20.69
pooled,pt__chm_dgt__2024-2025__src,eth calibrated,by_value,0-2,39608,2.18,3.73,-1.16,0.42
pooled,pt__chm_dgt__2024-2025__src,eth calibrated,by_value,2-5,39731,2.78,3.44,0.69,1.75
pooled,pt__chm_dgt__2024-2025__src,eth calibrated,by_value,5-8,79218,4.16,4.78,0.68,1.83
pooled,pt__chm_dgt__2024-2025__src,eth calibrated,by_value,8-12,115611,4.88,5.83,0.67,0.88
pooled,pt__chm_dgt__2024-2025__src,eth calibrated,by_value,12-16,52727,6.07,7.44,1.33,1.46
pooled,pt__chm_dgt__2024-2025__src,eth calibrated,by_value,16-20,15045,6.55,8.17,2.32,2.23
pooled,pt__chm_dgt__2024-2025__src,eth calibrated,by_value,20-25,4562,9.48,11.6,7.68,7.3
pooled,pt__chm_dgt__2024-2025__src,eth calibrated,by_value,25-35,2856,17.54,19.55,17.37,16.19
pooled,pt__chm_dgt__2024-2025__src,meta_v1 matched,all,,349358,4.45,6.4,0.41,
pooled,pt__chm_dgt__2024-2025__src,meta_v1 matched,by_lidar,0-2,92481,3.28,6.25,3.26,1.42
pooled,pt__chm_dgt__2024-2025__src,meta_v1 matched,by_lidar,2-5,61181,3.62,5.42,2.22,1.29
pooled,pt__chm_dgt__2024-2025__src,meta_v1 matched,by_lidar,5-8,44858,4.34,6.0,1.44,0.59
pooled,pt__chm_dgt__2024-2025__src,meta_v1 matched,by_lidar,8-12,58428,4.62,6.01,-0.72,-1.55
pooled,pt__chm_dgt__2024-2025__src,meta_v1 matched,by_lidar,12-16,50440,5.54,6.81,-2.78,-3.66
pooled,pt__chm_dgt__2024-2025__src,meta_v1 matched,by_lidar,16-20,22794,6.3,7.64,-3.44,-4.33
pooled,pt__chm_dgt__2024-2025__src,meta_v1 matched,by_lidar,20-25,13435,6.52,7.83,-4.07,-4.82
pooled,pt__chm_dgt__2024-2025__src,meta_v1 matched,by_lidar,25-35,5505,8.87,10.31,-7.39,-8.16
pooled,pt__chm_dgt__2024-2025__src,meta_v1 matched,by_lidar,35-999,236,16.76,22.12,-16.47,-13.45
pooled,pt__chm_dgt__2024-2025__src,meta_v1 matched,by_value,0-2,120888,2.53,4.03,-1.38,0.15
pooled,pt__chm_dgt__2024-2025__src,meta_v1 matched,by_value,2-5,25788,3.72,4.74,-1.27,-0.08
pooled,pt__chm_dgt__2024-2025__src,meta_v1 matched,by_value,5-8,56744,4.2,5.1,-1.31,-0.92
pooled,pt__chm_dgt__2024-2025__src,meta_v1 matched,by_value,8-12,57279,4.39,5.4,-0.16,-0.13
pooled,pt__chm_dgt__2024-2025__src,meta_v1 matched,by_value,12-16,45215,5.18,6.54,1.53,1.39
pooled,pt__chm_dgt__2024-2025__src,meta_v1 matched,by_value,16-20,17531,6.97,8.66,4.4,4.09
pooled,pt__chm_dgt__2024-2025__src,meta_v1 matched,by_value,20-25,15505,9.43,11.64,8.03,7.55
pooled,pt__chm_dgt__2024-2025__src,meta_v1 matched,by_value,25-35,9055,14.21,16.73,13.76,13.37
pooled,pt__chm_dgt__2024-2025__src,meta_v1 matched,by_value,35-999,1353,22.08,23.83,22.05,22.14
pooled,pt__chm_dgt__2024-2025__src,blend,all,,349358,4.0,5.44,0.17,
pooled,pt__chm_dgt__2024-2025__src,blend,by_lidar,0-2,92481,3.57,5.68,3.55,1.94
pooled,pt__chm_dgt__2024-2025__src,blend,by_lidar,2-5,61181,3.43,4.62,2.76,2.49
pooled,pt__chm_dgt__2024-2025__src,blend,by_lidar,5-8,44858,3.37,4.29,1.45,1.5
pooled,pt__chm_dgt__2024-2025__src,blend,by_lidar,8-12,58428,3.14,4.09,-0.91,-1.0
pooled,pt__chm_dgt__2024-2025__src,blend,by_lidar,12-16,50440,4.35,5.25,-3.33,-3.61
pooled,pt__chm_dgt__2024-2025__src,blend,by_lidar,16-20,22794,5.69,6.51,-4.92,-5.41
pooled,pt__chm_dgt__2024-2025__src,blend,by_lidar,20-25,13435,7.72,8.32,-7.38,-7.76
pooled,pt__chm_dgt__2024-2025__src,blend,by_lidar,25-35,5505,11.63,12.22,-11.57,-11.74
pooled,pt__chm_dgt__2024-2025__src,blend,by_lidar,35-999,236,22.51,25.14,-22.51,-19.41
pooled,pt__chm_dgt__2024-2025__src,blend,by_value,0-2,38013,1.81,3.11,-0.48,0.73
pooled,pt__chm_dgt__2024-2025__src,blend,by_value,2-5,79334,2.69,3.75,-0.48,0.95
pooled,pt__chm_dgt__2024-2025__src,blend,by_value,5-8,64714,3.77,4.44,0.28,1.31
pooled,pt__chm_dgt__2024-2025__src,blend,by_value,8-12,96759,4.21,5.16,-0.17,-0.25
pooled,pt__chm_dgt__2024-2025__src,blend,by_value,12-16,47091,5.67,7.05,0.33,0.14
pooled,pt__chm_dgt__2024-2025__src,blend,by_value,16-20,16829,6.82,8.43,1.82,1.47
pooled,pt__chm_dgt__2024-2025__src,blend,by_value,20-25,4299,9.6,11.94,7.07,6.37
pooled,pt__chm_dgt__2024-2025__src,blend,by_value,25-35,2319,17.29,19.36,17.01,16.17
pooled,pt__chm_dgt__2024-2025__src,"blend, gated",all,,349358,4.04,5.53,-0.09,
pooled,pt__chm_dgt__2024-2025__src,"blend, gated",by_lidar,0-2,92481,3.34,5.56,3.34,1.75
pooled,pt__chm_dgt__2024-2025__src,"blend, gated",by_lidar,2-5,61181,3.4,4.57,2.28,2.09
pooled,pt__chm_dgt__2024-2025__src,"blend, gated",by_lidar,5-8,44858,3.57,4.45,1.11,1.33
pooled,pt__chm_dgt__2024-2025__src,"blend, gated",by_lidar,8-12,58428,3.41,4.44,-1.19,-1.08
pooled,pt__chm_dgt__2024-2025__src,"blend, gated",by_lidar,12-16,50440,4.54,5.58,-3.52,-3.62
pooled,pt__chm_dgt__2024-2025__src,"blend, gated",by_lidar,16-20,22794,5.78,6.68,-5.01,-5.41
pooled,pt__chm_dgt__2024-2025__src,"blend, gated",by_lidar,20-25,13435,7.74,8.36,-7.4,-7.76
pooled,pt__chm_dgt__2024-2025__src,"blend, gated",by_lidar,25-35,5505,11.63,12.23,-11.58,-11.74
pooled,pt__chm_dgt__2024-2025__src,"blend, gated",by_lidar,35-999,236,22.48,25.06,-22.48,-19.41
pooled,pt__chm_dgt__2024-2025__src,"blend, gated",by_value,0-2,120888,2.57,3.93,-1.05,0.48
pooled,pt__chm_dgt__2024-2025__src,"blend, gated",by_value,5-8,64103,3.78,4.5,0.01,0.99
pooled,pt__chm_dgt__2024-2025__src,"blend, gated",by_value,8-12,93979,4.21,5.16,-0.22,-0.31
pooled,pt__chm_dgt__2024-2025__src,"blend, gated",by_value,12-16,46947,5.67,7.05,0.31,0.12
pooled,pt__chm_dgt__2024-2025__src,"blend, gated",by_value,16-20,16823,6.82,8.43,1.81,1.46
pooled,pt__chm_dgt__2024-2025__src,"blend, gated",by_value,20-25,4299,9.6,11.94,7.07,6.37
pooled,pt__chm_dgt__2024-2025__src,"blend, gated",by_value,25-35,2319,17.29,19.36,17.01,16.17
pooled,pt__chm_dgt__2024-2025__src,"blend, independent",all,,349358,4.07,5.43,0.45,
pooled,pt__chm_dgt__2024-2025__src,"blend, independent",by_lidar,0-2,92481,4.08,5.88,4.08,2.86
pooled,pt__chm_dgt__2024-2025__src,"blend, independent",by_lidar,2-5,61181,3.48,4.65,3.11,2.61
pooled,pt__chm_dgt__2024-2025__src,"blend, independent",by_lidar,5-8,44858,3.17,4.18,1.63,1.45
pooled,pt__chm_dgt__2024-2025__src,"blend, independent",by_lidar,8-12,58428,3.02,3.91,-0.78,-1.02
pooled,pt__chm_dgt__2024-2025__src,"blend, independent",by_lidar,12-16,50440,4.26,5.08,-3.21,-3.62
pooled,pt__chm_dgt__2024-2025__src,"blend, independent",by_lidar,16-20,22794,5.66,6.44,-4.83,-5.42
pooled,pt__chm_dgt__2024-2025__src,"blend, independent",by_lidar,20-25,13435,7.61,8.25,-7.25,-7.69
pooled,pt__chm_dgt__2024-2025__src,"blend, independent",by_lidar,25-35,5505,11.39,12.05,-11.33,-11.57
pooled,pt__chm_dgt__2024-2025__src,"blend, independent",by_lidar,35-999,236,21.92,24.71,-21.92,-18.95
pooled,pt__chm_dgt__2024-2025__src,"blend, independent",by_value,0-2,32085,1.95,3.14,-0.2,1.13
pooled,pt__chm_dgt__2024-2025__src,"blend, independent",by_value,2-5,77538,2.82,3.51,0.6,1.86
pooled,pt__chm_dgt__2024-2025__src,"blend, independent",by_value,5-8,72595,3.73,4.41,0.25,1.31
pooled,pt__chm_dgt__2024-2025__src,"blend, independent",by_value,8-12,96825,4.24,5.19,-0.22,-0.33
pooled,pt__chm_dgt__2024-2025__src,"blend, independent",by_value,12-16,46324,5.64,7.03,0.32,0.14
pooled,pt__chm_dgt__2024-2025__src,"blend, independent",by_value,16-20,16557,6.84,8.46,2.12,1.67
pooled,pt__chm_dgt__2024-2025__src,"blend, independent",by_value,20-25,5157,9.5,11.85,6.63,6.0
pooled,pt__chm_dgt__2024-2025__src,"blend, independent",by_value,25-35,2277,16.76,18.9,16.4,15.53
pooled,pt__chm_dgt__2024-2025__src,table,all,,349358,4.0,5.53,0.0,
pooled,pt__chm_dgt__2024-2025__src,table,by_lidar,0-2,92481,3.32,5.6,3.27,1.66
pooled,pt__chm_dgt__2024-2025__src,table,by_lidar,2-5,61181,3.29,4.58,2.42,1.81
pooled,pt__chm_dgt__2024-2025__src,table,by_lidar,5-8,44858,3.55,4.5,1.22,1.18
pooled,pt__chm_dgt__2024-2025__src,table,by_lidar,8-12,58428,3.53,4.47,-1.07,-1.24
pooled,pt__chm_dgt__2024-2025__src,table,by_lidar,12-16,50440,4.51,5.55,-3.35,-3.66
pooled,pt__chm_dgt__2024-2025__src,table,by_lidar,16-20,22794,5.57,6.59,-4.75,-5.0
pooled,pt__chm_dgt__2024-2025__src,table,by_lidar,20-25,13435,7.57,8.23,-7.16,-7.38
pooled,pt__chm_dgt__2024-2025__src,table,by_lidar,25-35,5505,11.54,12.13,-11.38,-11.52
pooled,pt__chm_dgt__2024-2025__src,table,by_lidar,35-999,236,22.61,25.33,-22.61,-19.63
pooled,pt__chm_dgt__2024-2025__src,table,by_value,0-2,51777,1.8,3.17,-0.72,0.53
pooled,pt__chm_dgt__2024-2025__src,table,by_value,2-5,76767,2.95,4.12,-0.88,0.58
pooled,pt__chm_dgt__2024-2025__src,table,by_value,5-8,62971,3.85,4.59,-0.35,0.48
pooled,pt__chm_dgt__2024-2025__src,table,by_value,8-12,82160,4.25,5.21,-0.22,-0.25
pooled,pt__chm_dgt__2024-2025__src,table,by_value,12-16,51281,5.64,7.05,0.81,0.64
pooled,pt__chm_dgt__2024-2025__src,table,by_value,16-20,18782,6.48,8.19,2.06,1.59
pooled,pt__chm_dgt__2024-2025__src,table,by_value,20-25,2942,8.83,10.94,5.4,5.1
pooled,pt__chm_dgt__2024-2025__src,table,by_value,25-35,2567,18.76,20.55,18.65,19.05
pooled,pt__chm_dgt__2024-2025__src,table,by_value,35-999,111,17.96,19.03,17.96,16.08
own,ca__chm_lidar_ca__2019__src,meta_v1 raw,all,,312806,12.1,15.71,-11.19,
own,ca__chm_lidar_ca__2019__src,meta_v1 raw,by_lidar,0-2,5913,2.5,5.4,0.36,-1.19
own,ca__chm_lidar_ca__2019__src,meta_v1 raw,by_lidar,2-5,14147,3.61,4.97,-1.22,-2.63
own,ca__chm_lidar_ca__2019__src,meta_v1 raw,by_lidar,5-8,13195,3.97,5.04,-1.42,-2.6
own,ca__chm_lidar_ca__2019__src,meta_v1 raw,by_lidar,8-12,14056,4.36,5.46,-1.66,-2.24
own,ca__chm_lidar_ca__2019__src,meta_v1 raw,by_lidar,12-16,17458,4.36,5.68,-1.87,-1.72
own,ca__chm_lidar_ca__2019__src,meta_v1 raw,by_lidar,16-20,20753,4.84,6.31,-3.1,-2.89
own,ca__chm_lidar_ca__2019__src,meta_v1 raw,by_lidar,20-25,23320,6.47,8.18,-5.01,-4.78
own,ca__chm_lidar_ca__2019__src,meta_v1 raw,by_lidar,25-35,67640,9.79,12.06,-9.17,-8.49
own,ca__chm_lidar_ca__2019__src,meta_v1 raw,by_lidar,35-999,136324,19.19,21.53,-19.14,-17.98
own,ca__chm_lidar_ca__2019__src,meta_v1 raw,by_value,0-2,26834,12.17,19.49,-12.17,-4.04
own,ca__chm_lidar_ca__2019__src,meta_v1 raw,by_value,2-5,12951,10.05,15.77,-9.98,-4.71
own,ca__chm_lidar_ca__2019__src,meta_v1 raw,by_value,5-8,13171,10.68,16.07,-10.36,-5.4
own,ca__chm_lidar_ca__2019__src,meta_v1 raw,by_value,8-12,21226,11.5,16.26,-10.59,-6.52
own,ca__chm_lidar_ca__2019__src,meta_v1 raw,by_value,12-16,31650,11.47,15.66,-10.52,-6.89
own,ca__chm_lidar_ca__2019__src,meta_v1 raw,by_value,16-20,41135,12.58,16.08,-11.47,-10.12
own,ca__chm_lidar_ca__2019__src,meta_v1 raw,by_value,20-25,62057,14.13,16.55,-13.16,-13.32
own,ca__chm_lidar_ca__2019__src,meta_v1 raw,by_value,25-35,89505,11.94,14.13,-10.93,-10.93
own,ca__chm_lidar_ca__2019__src,meta_v1 raw,by_value,35-999,14277,8.28,10.45,-5.88,-5.54
own,ca__chm_lidar_ca__2019__src,eth raw,all,,312806,7.64,10.04,0.15,
own,ca__chm_lidar_ca__2019__src,eth raw,by_lidar,0-2,5913,16.27,18.01,16.26,14.3
own,ca__chm_lidar_ca__2019__src,eth raw,by_lidar,2-5,14147,13.19,14.83,13.17,11.88
own,ca__chm_lidar_ca__2019__src,eth raw,by_lidar,5-8,13195,10.01,12.35,9.89,9.13
own,ca__chm_lidar_ca__2019__src,eth raw,by_lidar,8-12,14056,9.4,11.43,9.12,8.5
own,ca__chm_lidar_ca__2019__src,eth raw,by_lidar,12-16,17458,8.66,10.37,8.49,7.65
own,ca__chm_lidar_ca__2019__src,eth raw,by_lidar,16-20,20753,6.86,8.65,6.46,5.6
own,ca__chm_lidar_ca__2019__src,eth raw,by_lidar,20-25,23320,5.38,7.2,4.21,3.35
own,ca__chm_lidar_ca__2019__src,eth raw,by_lidar,25-35,67640,4.84,6.47,0.77,0.44
own,ca__chm_lidar_ca__2019__src,eth raw,by_lidar,35-999,136324,8.04,10.56,-6.8,-6.2
own,ca__chm_lidar_ca__2019__src,eth raw,by_value,0-2,1332,38.95,40.88,-38.94,-43.12
own,ca__chm_lidar_ca__2019__src,eth raw,by_value,2-5,816,27.7,31.63,-27.21,-33.78
own,ca__chm_lidar_ca__2019__src,eth raw,by_value,5-8,3351,7.25,13.78,-5.4,-0.55
own,ca__chm_lidar_ca__2019__src,eth raw,by_value,8-12,8596,6.49,8.98,2.62,4.56
own,ca__chm_lidar_ca__2019__src,eth raw,by_value,12-16,14186,7.91,9.14,5.76,7.56
own,ca__chm_lidar_ca__2019__src,eth raw,by_value,16-20,20447,7.99,9.62,5.73,6.39
own,ca__chm_lidar_ca__2019__src,eth raw,by_value,20-25,40040,7.58,9.53,3.6,4.04
own,ca__chm_lidar_ca__2019__src,eth raw,by_value,25-35,115703,7.82,9.92,-1.37,-2.23
own,ca__chm_lidar_ca__2019__src,eth raw,by_value,35-999,108335,6.93,9.15,-0.63,-1.22
own,ca__chm_lidar_ca__2019__src,meta_v1 calibrated,all,,312806,8.26,11.42,-1.87,
own,ca__chm_lidar_ca__2019__src,meta_v1 calibrated,by_lidar,0-2,5913,4.68,8.56,4.68,2.64
own,ca__chm_lidar_ca__2019__src,meta_v1 calibrated,by_lidar,2-5,14147,3.64,7.23,3.41,1.42
own,ca__chm_lidar_ca__2019__src,meta_v1 calibrated,by_lidar,5-8,13195,4.84,7.38,4.1,2.5
own,ca__chm_lidar_ca__2019__src,meta_v1 calibrated,by_lidar,8-12,14056,6.06,8.3,4.66,3.82
own,ca__chm_lidar_ca__2019__src,meta_v1 calibrated,by_lidar,12-16,17458,7.48,9.35,5.75,5.48
own,ca__chm_lidar_ca__2019__src,meta_v1 calibrated,by_lidar,16-20,20753,7.74,9.5,5.64,5.67
own,ca__chm_lidar_ca__2019__src,meta_v1 calibrated,by_lidar,20-25,23320,8.22,9.85,4.72,5.34
own,ca__chm_lidar_ca__2019__src,meta_v1 calibrated,by_lidar,25-35,67640,7.6,9.47,1.28,3.8
own,ca__chm_lidar_ca__2019__src,meta_v1 calibrated,by_lidar,35-999,136324,9.96,13.87,-8.77,-6.58
own,ca__chm_lidar_ca__2019__src,meta_v1 calibrated,by_value,2-5,22828,10.14,17.77,-8.47,-0.04
own,ca__chm_lidar_ca__2019__src,meta_v1 calibrated,by_value,5-8,10443,8.58,14.62,-6.42,-0.21
own,ca__chm_lidar_ca__2019__src,meta_v1 calibrated,by_value,8-12,14534,7.95,12.95,-4.65,0.45
own,ca__chm_lidar_ca__2019__src,meta_v1 calibrated,by_value,12-16,14797,9.2,13.18,-4.31,0.19
own,ca__chm_lidar_ca__2019__src,meta_v1 calibrated,by_value,16-20,18297,9.42,12.83,-4.09,-0.32
own,ca__chm_lidar_ca__2019__src,meta_v1 calibrated,by_value,20-25,29291,9.18,11.8,-2.58,0.77
own,ca__chm_lidar_ca__2019__src,meta_v1 calibrated,by_value,25-35,60168,9.04,11.08,-1.1,-0.4
own,ca__chm_lidar_ca__2019__src,meta_v1 calibrated,by_value,35-999,142448,7.2,9.13,0.16,0.1
own,ca__chm_lidar_ca__2019__src,eth calibrated,all,,312806,7.21,9.71,0.05,
own,ca__chm_lidar_ca__2019__src,eth calibrated,by_lidar,0-2,5913,13.78,16.25,13.78,9.52
own,ca__chm_lidar_ca__2019__src,eth calibrated,by_lidar,2-5,14147,10.3,12.67,10.3,7.42
own,ca__chm_lidar_ca__2019__src,eth calibrated,by_lidar,5-8,13195,7.42,10.54,7.37,4.41
own,ca__chm_lidar_ca__2019__src,eth calibrated,by_lidar,8-12,14056,6.48,10.06,5.89,2.47
own,ca__chm_lidar_ca__2019__src,eth calibrated,by_lidar,12-16,17458,7.16,9.95,5.35,3.19
own,ca__chm_lidar_ca__2019__src,eth calibrated,by_lidar,16-20,20753,7.15,9.31,4.09,2.66
own,ca__chm_lidar_ca__2019__src,eth calibrated,by_lidar,20-25,23320,7.03,8.71,3.01,2.76
own,ca__chm_lidar_ca__2019__src,eth calibrated,by_lidar,25-35,67640,5.89,7.63,1.45,1.79
own,ca__chm_lidar_ca__2019__src,eth calibrated,by_lidar,35-999,136324,7.36,9.97,-5.42,-4.67
own,ca__chm_lidar_ca__2019__src,eth calibrated,by_value,2-5,1231,38.7,39.5,-38.58,-40.43
own,ca__chm_lidar_ca__2019__src,eth calibrated,by_value,5-8,4302,13.09,19.37,-10.95,-3.33
own,ca__chm_lidar_ca__2019__src,eth calibrated,by_value,8-12,33890,5.63,7.32,1.51,3.35
own,ca__chm_lidar_ca__2019__src,eth calibrated,by_value,12-16,16715,6.25,8.28,-0.57,-0.3
own,ca__chm_lidar_ca__2019__src,eth calibrated,by_value,16-20,18554,6.55,8.67,-0.35,0.08
own,ca__chm_lidar_ca__2019__src,eth calibrated,by_value,20-25,21703,7.59,9.7,0.06,0.21
own,ca__chm_lidar_ca__2019__src,eth calibrated,by_value,25-35,91430,7.75,9.92,-0.36,-1.3
own,ca__chm_lidar_ca__2019__src,eth calibrated,by_value,35-999,124981,6.89,9.21,0.85,0.27
own,ca__chm_lidar_ca__2019__src,meta_v1 matched,all,,312806,8.81,12.01,-0.09,
own,ca__chm_lidar_ca__2019__src,meta_v1 matched,by_lidar,0-2,5913,4.18,8.75,4.18,1.95
own,ca__chm_lidar_ca__2019__src,meta_v1 matched,by_lidar,2-5,14147,3.49,7.35,2.96,0.7
own,ca__chm_lidar_ca__2019__src,meta_v1 matched,by_lidar,5-8,13195,4.94,7.58,3.98,2.68
own,ca__chm_lidar_ca__2019__src,meta_v1 matched,by_lidar,8-12,14056,6.09,8.52,4.69,3.7
own,ca__chm_lidar_ca__2019__src,meta_v1 matched,by_lidar,12-16,17458,7.61,9.75,5.93,5.32
own,ca__chm_lidar_ca__2019__src,meta_v1 matched,by_lidar,16-20,20753,8.07,10.09,5.95,5.95
own,ca__chm_lidar_ca__2019__src,meta_v1 matched,by_lidar,20-25,23320,8.92,10.99,5.34,5.65
own,ca__chm_lidar_ca__2019__src,meta_v1 matched,by_lidar,25-35,67640,9.36,11.57,3.04,4.39
own,ca__chm_lidar_ca__2019__src,meta_v1 matched,by_lidar,35-999,136324,10.19,13.94,-5.64,-3.79
own,ca__chm_lidar_ca__2019__src,meta_v1 matched,by_value,2-5,22828,10.15,18.02,-9.09,-0.66
own,ca__chm_lidar_ca__2019__src,meta_v1 matched,by_value,5-8,9094,8.58,14.78,-6.71,-0.38
own,ca__chm_lidar_ca__2019__src,meta_v1 matched,by_value,8-12,15746,7.7,12.7,-4.29,0.64
own,ca__chm_lidar_ca__2019__src,meta_v1 matched,by_value,12-16,16237,9.34,13.33,-4.56,0.02
own,ca__chm_lidar_ca__2019__src,meta_v1 matched,by_value,16-20,18638,9.34,12.77,-4.32,-0.66
own,ca__chm_lidar_ca__2019__src,meta_v1 matched,by_value,20-25,25213,9.19,11.8,-2.47,0.95
own,ca__chm_lidar_ca__2019__src,meta_v1 matched,by_value,25-35,67980,8.95,10.98,-1.08,-0.56
own,ca__chm_lidar_ca__2019__src,meta_v1 matched,by_value,35-999,137070,8.46,10.66,4.37,4.25
own,ca__chm_lidar_ca__2019__src,blend,all,,312806,6.57,9.07,-0.81,
own,ca__chm_lidar_ca__2019__src,blend,by_lidar,0-2,5913,6.72,10.38,6.72,3.0
own,ca__chm_lidar_ca__2019__src,blend,by_lidar,2-5,14147,4.93,8.14,4.81,2.0
own,ca__chm_lidar_ca__2019__src,blend,by_lidar,5-8,13195,5.63,8.25,5.22,3.48
own,ca__chm_lidar_ca__2019__src,blend,by_lidar,8-12,14056,6.23,8.56,5.49,4.45
own,ca__chm_lidar_ca__2019__src,blend,by_lidar,12-16,17458,6.6,8.64,5.7,4.46
own,ca__chm_lidar_ca__2019__src,blend,by_lidar,16-20,20753,6.06,7.99,4.72,3.74
own,ca__chm_lidar_ca__2019__src,blend,by_lidar,20-25,23320,5.99,7.52,3.48,3.48
own,ca__chm_lidar_ca__2019__src,blend,by_lidar,25-35,67640,5.32,7.04,1.28,1.99
own,ca__chm_lidar_ca__2019__src,blend,by_lidar,35-999,136324,7.65,10.46,-6.41,-5.39
own,ca__chm_lidar_ca__2019__src,blend,by_value,2-5,16083,9.04,17.0,-7.02,0.64
own,ca__chm_lidar_ca__2019__src,blend,by_value,5-8,7005,4.05,7.5,-0.8,1.24
own,ca__chm_lidar_ca__2019__src,blend,by_value,8-12,12688,4.7,7.15,0.39,2.14
own,ca__chm_lidar_ca__2019__src,blend,by_value,12-16,14732,5.72,7.56,1.75,3.25
own,ca__chm_lidar_ca__2019__src,blend,by_value,16-20,22798,5.5,7.55,0.79,1.6
own,ca__chm_lidar_ca__2019__src,blend,by_value,20-25,24736,6.82,8.83,0.39,1.43
own,ca__chm_lidar_ca__2019__src,blend,by_value,25-35,94729,7.19,9.11,-0.75,-0.91
own,ca__chm_lidar_ca__2019__src,blend,by_value,35-999,120035,6.34,8.22,-1.02,-1.04
own,ca__chm_lidar_ca__2019__src,"blend, gated",all,,312806,6.63,9.37,-1.16,
own,ca__chm_lidar_ca__2019__src,"blend, gated",by_lidar,0-2,5913,4.73,8.36,4.73,2.64
own,ca__chm_lidar_ca__2019__src,"blend, gated",by_lidar,2-5,14147,3.76,6.98,3.53,1.42
own,ca__chm_lidar_ca__2019__src,"blend, gated",by_lidar,5-8,13195,5.22,7.8,4.49,3.0
own,ca__chm_lidar_ca__2019__src,"blend, gated",by_lidar,8-12,14056,6.17,8.42,5.0,4.2
own,ca__chm_lidar_ca__2019__src,"blend, gated",by_lidar,12-16,17458,6.66,8.67,5.4,4.32
own,ca__chm_lidar_ca__2019__src,"blend, gated",by_lidar,16-20,20753,6.19,8.13,4.48,3.64
own,ca__chm_lidar_ca__2019__src,"blend, gated",by_lidar,20-25,23320,6.19,7.83,3.21,3.41
own,ca__chm_lidar_ca__2019__src,"blend, gated",by_lidar,25-35,67640,5.57,7.62,1.01,1.97
own,ca__chm_lidar_ca__2019__src,"blend, gated",by_lidar,35-999,136324,7.85,11.0,-6.61,-5.4
own,ca__chm_lidar_ca__2019__src,"blend, gated",by_value,2-5,22828,10.14,17.77,-8.47,-0.04
own,ca__chm_lidar_ca__2019__src,"blend, gated",by_value,5-8,7386,6.28,11.69,-3.8,0.56
own,ca__chm_lidar_ca__2019__src,"blend, gated",by_value,8-12,10967,4.04,6.07,0.47,1.97
own,ca__chm_lidar_ca__2019__src,"blend, gated",by_value,12-16,13519,5.22,6.8,1.82,3.12
own,ca__chm_lidar_ca__2019__src,"blend, gated",by_value,16-20,21486,5.04,6.86,0.78,1.56
own,ca__chm_lidar_ca__2019__src,"blend, gated",by_value,20-25,23439,6.42,8.27,0.3,1.4
own,ca__chm_lidar_ca__2019__src,"blend, gated",by_value,25-35,93293,7.1,8.97,-0.78,-0.91
own,ca__chm_lidar_ca__2019__src,"blend, gated",by_value,35-999,119888,6.33,8.21,-1.02,-1.04
own,ca__chm_lidar_ca__2019__src,"blend, independent",all,,312806,6.71,9.08,-0.77,
own,ca__chm_lidar_ca__2019__src,"blend, independent",by_lidar,0-2,5913,9.3,11.51,9.3,6.56
own,ca__chm_lidar_ca__2019__src,"blend, independent",by_lidar,2-5,14147,6.87,8.78,6.87,4.95
own,ca__chm_lidar_ca__2019__src,"blend, independent",by_lidar,5-8,13195,5.82,8.07,5.79,3.96
own,ca__chm_lidar_ca__2019__src,"blend, independent",by_lidar,8-12,14056,5.82,8.17,5.43,3.93
own,ca__chm_lidar_ca__2019__src,"blend, independent",by_lidar,12-16,17458,6.4,8.32,5.62,4.71
own,ca__chm_lidar_ca__2019__src,"blend, independent",by_lidar,16-20,20753,6.06,7.76,4.77,4.14
own,ca__chm_lidar_ca__2019__src,"blend, independent",by_lidar,20-25,23320,5.88,7.32,3.67,3.74
own,ca__chm_lidar_ca__2019__src,"blend, independent",by_lidar,25-35,67640,5.17,6.72,1.38,2.19
own,ca__chm_lidar_ca__2019__src,"blend, independent",by_lidar,35-999,136324,7.81,10.61,-6.76,-5.66
own,ca__chm_lidar_ca__2019__src,"blend, independent",by_value,2-5,2662,32.45,35.35,-31.77,-38.79
own,ca__chm_lidar_ca__2019__src,"blend, independent",by_value,5-8,13297,6.23,9.43,0.91,3.96
own,ca__chm_lidar_ca__2019__src,"blend, independent",by_value,8-12,19549,4.67,6.81,1.31,2.86
own,ca__chm_lidar_ca__2019__src,"blend, independent",by_value,12-16,15824,5.72,7.7,1.47,2.68
own,ca__chm_lidar_ca__2019__src,"blend, independent",by_value,16-20,19926,5.94,8.14,1.05,1.92
own,ca__chm_lidar_ca__2019__src,"blend, independent",by_value,20-25,26184,6.91,8.94,0.73,1.98
own,ca__chm_lidar_ca__2019__src,"blend, independent",by_value,25-35,95522,7.32,9.26,-0.86,-0.78
own,ca__chm_lidar_ca__2019__src,"blend, independent",by_value,35-999,119842,6.26,8.09,-1.46,-1.33
own,ca__chm_lidar_ca__2019__src,table,all,,312806,6.91,9.54,-0.68,
own,ca__chm_lidar_ca__2019__src,table,by_lidar,0-2,5913,6.13,11.25,6.13,2.12
own,ca__chm_lidar_ca__2019__src,table,by_lidar,2-5,14147,4.66,9.32,4.17,0.93
own,ca__chm_lidar_ca__2019__src,table,by_lidar,5-8,13195,4.63,8.07,3.74,1.42
own,ca__chm_lidar_ca__2019__src,table,by_lidar,8-12,14056,5.57,8.46,3.74,1.71
own,ca__chm_lidar_ca__2019__src,table,by_lidar,12-16,17458,6.47,8.93,4.46,3.03
own,ca__chm_lidar_ca__2019__src,table,by_lidar,16-20,20753,6.49,8.82,4.06,2.46
own,ca__chm_lidar_ca__2019__src,table,by_lidar,20-25,23320,7.33,9.08,3.63,2.75
own,ca__chm_lidar_ca__2019__src,table,by_lidar,25-35,67640,6.97,8.34,2.79,4.87
own,ca__chm_lidar_ca__2019__src,table,by_lidar,35-999,136324,7.55,10.49,-6.2,-4.88
own,ca__chm_lidar_ca__2019__src,table,by_value,2-5,17149,7.5,15.3,-6.26,-0.2
own,ca__chm_lidar_ca__2019__src,table,by_value,5-8,13851,4.38,8.51,-2.37,-0.02
own,ca__chm_lidar_ca__2019__src,table,by_value,8-12,13739,4.43,6.74,-1.57,-0.36
own,ca__chm_lidar_ca__2019__src,table,by_value,12-16,10809,5.67,7.99,-0.82,0.41
own,ca__chm_lidar_ca__2019__src,table,by_value,16-20,24433,5.22,7.24,-1.19,-0.19
own,ca__chm_lidar_ca__2019__src,table,by_value,20-25,19004,7.82,10.15,-1.36,-0.05
own,ca__chm_lidar_ca__2019__src,table,by_value,25-35,63804,8.2,10.41,0.4,0.35
own,ca__chm_lidar_ca__2019__src,table,by_value,35-999,150017,7.0,8.95,-0.08,0.04
own,es__chm_ign50__2022-2025__src,meta_v1 raw,all,,67809,4.7,6.17,-3.88,
own,es__chm_ign50__2022-2025__src,meta_v1 raw,by_lidar,0-2,18377,1.22,2.45,-0.22,-0.49
own,es__chm_ign50__2022-2025__src,meta_v1 raw,by_lidar,2-5,11541,3.5,3.99,-2.04,-2.89
own,es__chm_ign50__2022-2025__src,meta_v1 raw,by_lidar,5-8,7485,5.32,5.67,-4.35,-5.49
own,es__chm_ign50__2022-2025__src,meta_v1 raw,by_lidar,8-12,9807,6.15,6.81,-5.29,-6.26
own,es__chm_ign50__2022-2025__src,meta_v1 raw,by_lidar,12-16,8425,6.57,7.48,-6.21,-6.45
own,es__chm_ign50__2022-2025__src,meta_v1 raw,by_lidar,16-20,6572,6.89,7.98,-6.73,-6.48
own,es__chm_ign50__2022-2025__src,meta_v1 raw,by_lidar,20-25,3924,8.56,9.79,-8.46,-8.17
own,es__chm_ign50__2022-2025__src,meta_v1 raw,by_lidar,25-35,1596,12.55,13.52,-12.55,-12.52
own,es__chm_ign50__2022-2025__src,meta_v1 raw,by_lidar,35-999,82,19.93,20.46,-19.93,-19.79
own,es__chm_ign50__2022-2025__src,meta_v1 raw,by_value,0-2,35114,3.15,4.51,-3.15,-2.05
own,es__chm_ign50__2022-2025__src,meta_v1 raw,by_value,2-5,7098,6.9,7.91,-6.66,-6.74
own,es__chm_ign50__2022-2025__src,meta_v1 raw,by_value,5-8,6797,6.91,8.0,-6.27,-6.32
own,es__chm_ign50__2022-2025__src,meta_v1 raw,by_value,8-12,8146,6.29,7.4,-4.43,-4.98
own,es__chm_ign50__2022-2025__src,meta_v1 raw,by_value,12-16,6283,5.87,7.1,-3.15,-3.92
own,es__chm_ign50__2022-2025__src,meta_v1 raw,by_value,16-20,3358,5.65,7.23,-1.87,-2.57
own,es__chm_ign50__2022-2025__src,meta_v1 raw,by_value,20-25,947,5.11,6.88,-1.29,-1.98
own,es__chm_ign50__2022-2025__src,meta_v1 raw,by_value,25-35,66,5.65,7.6,4.36,3.39
own,es__chm_ign50__2022-2025__src,eth raw,all,,67809,5.95,7.27,4.87,
own,es__chm_ign50__2022-2025__src,eth raw,by_lidar,0-2,18377,8.17,9.41,8.12,8.06
own,es__chm_ign50__2022-2025__src,eth raw,by_lidar,2-5,11541,7.81,8.73,7.69,7.75
own,es__chm_ign50__2022-2025__src,eth raw,by_lidar,5-8,7485,6.44,7.26,6.19,6.22
own,es__chm_ign50__2022-2025__src,eth raw,by_lidar,8-12,9807,4.9,5.77,4.58,4.47
own,es__chm_ign50__2022-2025__src,eth raw,by_lidar,12-16,8425,3.34,4.12,2.65,2.61
own,es__chm_ign50__2022-2025__src,eth raw,by_lidar,16-20,6572,2.18,2.73,0.29,0.28
own,es__chm_ign50__2022-2025__src,eth raw,by_lidar,20-25,3924,3.01,3.81,-2.58,-2.33
own,es__chm_ign50__2022-2025__src,eth raw,by_lidar,25-35,1596,7.29,7.87,-7.28,-7.19
own,es__chm_ign50__2022-2025__src,eth raw,by_lidar,35-999,82,13.19,13.36,-13.19,-13.06
own,es__chm_ign50__2022-2025__src,eth raw,by_value,0-2,1565,1.35,1.98,-0.66,-0.4
own,es__chm_ign50__2022-2025__src,eth raw,by_value,2-5,3862,2.52,2.89,1.92,2.32
own,es__chm_ign50__2022-2025__src,eth raw,by_value,5-8,5842,4.74,5.09,4.35,5.0
own,es__chm_ign50__2022-2025__src,eth raw,by_value,8-12,14720,6.49,7.13,6.13,7.06
own,es__chm_ign50__2022-2025__src,eth raw,by_value,12-16,19079,6.72,7.93,5.95,6.2
own,es__chm_ign50__2022-2025__src,eth raw,by_value,16-20,15432,6.26,8.02,4.52,3.89
own,es__chm_ign50__2022-2025__src,eth raw,by_value,20-25,7055,5.78,7.65,3.34,2.74
own,es__chm_ign50__2022-2025__src,eth raw,by_value,25-35,254,11.37,13.04,6.43,8.33
own,es__chm_ign50__2022-2025__src,meta_v1 calibrated,all,,67809,3.18,4.59,-0.24,
own,es__chm_ign50__2022-2025__src,meta_v1 calibrated,by_lidar,0-2,18377,2.05,3.75,2.04,1.48
own,es__chm_ign50__2022-2025__src,meta_v1 calibrated,by_lidar,2-5,11541,2.84,4.47,0.66,-0.9
own,es__chm_ign50__2022-2025__src,meta_v1 calibrated,by_lidar,5-8,7485,4.24,4.86,-0.48,-3.25
own,es__chm_ign50__2022-2025__src,meta_v1 calibrated,by_lidar,8-12,9807,3.54,4.6,-0.04,0.38
own,es__chm_ign50__2022-2025__src,meta_v1 calibrated,by_lidar,12-16,8425,2.75,3.78,-0.95,-0.75
own,es__chm_ign50__2022-2025__src,meta_v1 calibrated,by_lidar,16-20,6572,3.0,3.94,-2.25,-1.98
own,es__chm_ign50__2022-2025__src,meta_v1 calibrated,by_lidar,20-25,3924,4.95,5.96,-4.69,-4.44
own,es__chm_ign50__2022-2025__src,meta_v1 calibrated,by_lidar,25-35,1596,9.34,10.15,-9.34,-9.17
own,es__chm_ign50__2022-2025__src,meta_v1 calibrated,by_lidar,35-999,82,17.34,17.77,-17.34,-17.08
own,es__chm_ign50__2022-2025__src,meta_v1 calibrated,by_value,0-2,18199,2.35,3.38,-1.4,-0.64
own,es__chm_ign50__2022-2025__src,meta_v1 calibrated,by_value,2-5,13890,1.87,2.76,-0.27,0.52
own,es__chm_ign50__2022-2025__src,meta_v1 calibrated,by_value,5-8,3025,3.09,4.0,-0.06,0.07
own,es__chm_ign50__2022-2025__src,meta_v1 calibrated,by_value,8-12,9456,3.37,4.43,0.02,-0.01
own,es__chm_ign50__2022-2025__src,meta_v1 calibrated,by_value,12-16,12585,4.27,5.67,0.37,-0.04
own,es__chm_ign50__2022-2025__src,meta_v1 calibrated,by_value,16-20,8389,4.79,6.54,0.76,0.02
own,es__chm_ign50__2022-2025__src,meta_v1 calibrated,by_value,20-25,2150,5.07,7.09,0.62,-0.07
own,es__chm_ign50__2022-2025__src,meta_v1 calibrated,by_value,25-35,115,5.72,7.51,4.17,3.5
own,es__chm_ign50__2022-2025__src,eth calibrated,all,,67809,3.89,5.26,-0.2,
own,es__chm_ign50__2022-2025__src,eth calibrated,by_lidar,0-2,18377,3.25,5.03,3.15,1.53
own,es__chm_ign50__2022-2025__src,eth calibrated,by_lidar,2-5,11541,2.99,4.52,1.9,0.6
own,es__chm_ign50__2022-2025__src,eth calibrated,by_lidar,5-8,7485,3.48,4.4,0.23,-0.76
own,es__chm_ign50__2022-2025__src,eth calibrated,by_lidar,8-12,9807,3.99,4.75,-0.95,-1.49
own,es__chm_ign50__2022-2025__src,eth calibrated,by_lidar,12-16,8425,3.96,4.89,-2.12,-2.09
own,es__chm_ign50__2022-2025__src,eth calibrated,by_lidar,16-20,6572,4.25,5.29,-3.83,-3.6
own,es__chm_ign50__2022-2025__src,eth calibrated,by_lidar,20-25,3924,6.33,7.23,-6.3,-5.8
own,es__chm_ign50__2022-2025__src,eth calibrated,by_lidar,25-35,1596,10.57,11.13,-10.57,-10.49
own,es__chm_ign50__2022-2025__src,eth calibrated,by_lidar,35-999,82,16.46,16.73,-16.46,-16.58
own,es__chm_ign50__2022-2025__src,eth calibrated,by_value,0-2,13128,1.62,2.53,-0.65,-0.01
own,es__chm_ign50__2022-2025__src,eth calibrated,by_value,2-5,14661,2.91,3.87,-0.8,0.24
own,es__chm_ign50__2022-2025__src,eth calibrated,by_value,5-8,9318,4.02,4.89,-0.48,0.04
own,es__chm_ign50__2022-2025__src,eth calibrated,by_value,8-12,10962,4.99,6.03,-0.13,-0.6
own,es__chm_ign50__2022-2025__src,eth calibrated,by_value,12-16,11053,5.35,6.67,0.6,-0.05
own,es__chm_ign50__2022-2025__src,eth calibrated,by_value,16-20,7475,5.28,6.91,0.35,-0.26
own,es__chm_ign50__2022-2025__src,eth calibrated,by_value,20-25,1207,7.53,9.34,2.4,1.06
own,es__chm_ign50__2022-2025__src,meta_v1 matched,all,,67809,3.36,4.88,0.04,
own,es__chm_ign50__2022-2025__src,meta_v1 matched,by_lidar,0-2,18377,2.15,3.93,2.14,1.59
own,es__chm_ign50__2022-2025__src,meta_v1 matched,by_lidar,2-5,11541,2.72,4.64,0.69,-0.8
own,es__chm_ign50__2022-2025__src,meta_v1 matched,by_lidar,5-8,7485,3.98,4.96,-0.74,-3.15
own,es__chm_ign50__2022-2025__src,meta_v1 matched,by_lidar,8-12,9807,3.9,5.15,-0.43,-0.84
own,es__chm_ign50__2022-2025__src,meta_v1 matched,by_lidar,12-16,8425,3.67,4.74,-0.91,-1.18
own,es__chm_ign50__2022-2025__src,meta_v1 matched,by_lidar,16-20,6572,3.86,4.91,-1.12,-1.07
own,es__chm_ign50__2022-2025__src,meta_v1 matched,by_lidar,20-25,3924,5.11,6.32,-2.4,-2.49
own,es__chm_ign50__2022-2025__src,meta_v1 matched,by_lidar,25-35,1596,7.2,8.64,-6.0,-6.42
own,es__chm_ign50__2022-2025__src,meta_v1 matched,by_lidar,35-999,82,12.96,14.24,-12.94,-13.09
own,es__chm_ign50__2022-2025__src,meta_v1 matched,by_value,0-2,18199,2.33,3.34,-1.31,-0.54
own,es__chm_ign50__2022-2025__src,meta_v1 matched,by_value,2-5,13890,1.92,2.75,-0.14,0.64
own,es__chm_ign50__2022-2025__src,meta_v1 matched,by_value,5-8,5510,3.2,4.16,-1.08,-1.04
own,es__chm_ign50__2022-2025__src,meta_v1 matched,by_value,8-12,9773,3.64,4.74,-1.1,-1.16
own,es__chm_ign50__2022-2025__src,meta_v1 matched,by_value,12-16,8346,4.41,5.83,0.41,-0.03
own,es__chm_ign50__2022-2025__src,meta_v1 matched,by_value,16-20,5890,4.75,6.49,1.98,1.28
own,es__chm_ign50__2022-2025__src,meta_v1 matched,by_value,20-25,4416,5.96,7.91,3.9,3.17
own,es__chm_ign50__2022-2025__src,meta_v1 matched,by_value,25-35,1747,7.92,10.05,7.0,6.06
own,es__chm_ign50__2022-2025__src,blend,all,,67809,3.04,4.35,-0.24,
own,es__chm_ign50__2022-2025__src,blend,by_lidar,0-2,18377,2.29,3.79,2.19,1.35
own,es__chm_ign50__2022-2025__src,blend,by_lidar,2-5,11541,2.5,4.14,0.97,-0.51
own,es__chm_ign50__2022-2025__src,blend,by_lidar,5-8,7485,3.42,4.16,-0.27,-1.51
own,es__chm_ign50__2022-2025__src,blend,by_lidar,8-12,9807,3.02,3.96,-0.23,-0.14
own,es__chm_ign50__2022-2025__src,blend,by_lidar,12-16,8425,2.66,3.5,-1.23,-1.18
own,es__chm_ign50__2022-2025__src,blend,by_lidar,16-20,6572,3.16,3.95,-2.64,-2.52
own,es__chm_ign50__2022-2025__src,blend,by_lidar,20-25,3924,5.17,6.06,-4.95,-4.79
own,es__chm_ign50__2022-2025__src,blend,by_lidar,25-35,1596,9.47,10.18,-9.46,-9.36
own,es__chm_ign50__2022-2025__src,blend,by_lidar,35-999,82,17.2,17.55,-17.2,-17.08
own,es__chm_ign50__2022-2025__src,blend,by_value,0-2,12269,1.33,1.93,-0.28,0.15
own,es__chm_ign50__2022-2025__src,blend,by_value,2-5,19033,2.36,3.12,-0.47,0.13
own,es__chm_ign50__2022-2025__src,blend,by_value,5-8,4142,2.97,3.86,-0.09,0.0
own,es__chm_ign50__2022-2025__src,blend,by_value,8-12,11243,3.24,4.3,-0.21,-0.37
own,es__chm_ign50__2022-2025__src,blend,by_value,12-16,11784,4.26,5.61,-0.19,-0.78
own,es__chm_ign50__2022-2025__src,blend,by_value,16-20,7502,4.87,6.55,0.09,-0.66
own,es__chm_ign50__2022-2025__src,blend,by_value,20-25,1724,5.08,7.06,-0.13,-0.85
own,es__chm_ign50__2022-2025__src,blend,by_value,25-35,112,5.73,7.56,4.14,3.36
own,es__chm_ign50__2022-2025__src,"blend, gated",all,,67809,3.11,4.46,-0.49,
own,es__chm_ign50__2022-2025__src,"blend, gated",by_lidar,0-2,18377,1.99,3.59,1.99,1.48
own,es__chm_ign50__2022-2025__src,"blend, gated",by_lidar,2-5,11541,2.71,4.22,0.53,-0.9
own,es__chm_ign50__2022-2025__src,"blend, gated",by_lidar,5-8,7485,3.95,4.59,-0.78,-3.25
own,es__chm_ign50__2022-2025__src,"blend, gated",by_lidar,8-12,9807,3.29,4.37,-0.51,-0.21
own,es__chm_ign50__2022-2025__src,"blend, gated",by_lidar,12-16,8425,2.76,3.76,-1.33,-1.18
own,es__chm_ign50__2022-2025__src,"blend, gated",by_lidar,16-20,6572,3.18,4.03,-2.67,-2.52
own,es__chm_ign50__2022-2025__src,"blend, gated",by_lidar,20-25,3924,5.18,6.1,-4.96,-4.79
own,es__chm_ign50__2022-2025__src,"blend, gated",by_lidar,25-35,1596,9.49,10.23,-9.48,-9.36
own,es__chm_ign50__2022-2025__src,"blend, gated",by_lidar,35-999,82,17.29,17.7,-17.29,-17.08
own,es__chm_ign50__2022-2025__src,"blend, gated",by_value,0-2,18199,2.35,3.38,-1.4,-0.64
own,es__chm_ign50__2022-2025__src,"blend, gated",by_value,2-5,13890,1.87,2.76,-0.27,0.52
own,es__chm_ign50__2022-2025__src,"blend, gated",by_value,5-8,4122,2.99,3.87,-0.04,0.04
own,es__chm_ign50__2022-2025__src,"blend, gated",by_value,8-12,10483,3.22,4.27,-0.21,-0.38
own,es__chm_ign50__2022-2025__src,"blend, gated",by_value,12-16,11777,4.26,5.62,-0.19,-0.78
own,es__chm_ign50__2022-2025__src,"blend, gated",by_value,16-20,7502,4.87,6.55,0.09,-0.66
own,es__chm_ign50__2022-2025__src,"blend, gated",by_value,20-25,1724,5.08,7.06,-0.13,-0.85
own,es__chm_ign50__2022-2025__src,"blend, gated",by_value,25-35,112,5.73,7.56,4.14,3.36
own,es__chm_ign50__2022-2025__src,"blend, independent",all,,67809,3.07,4.34,-0.21,
own,es__chm_ign50__2022-2025__src,"blend, independent",by_lidar,0-2,18377,2.51,3.91,2.48,1.58
own,es__chm_ign50__2022-2025__src,"blend, independent",by_lidar,2-5,11541,2.38,3.99,1.2,-0.18
own,es__chm_ign50__2022-2025__src,"blend, independent",by_lidar,5-8,7485,3.11,3.91,-0.14,-1.09
own,es__chm_ign50__2022-2025__src,"blend, independent",by_lidar,8-12,9807,2.88,3.75,-0.32,-0.37
own,es__chm_ign50__2022-2025__src,"blend, independent",by_lidar,12-16,8425,2.73,3.49,-1.38,-1.42
own,es__chm_ign50__2022-2025__src,"blend, independent",by_lidar,16-20,6572,3.29,4.05,-2.95,-2.8
own,es__chm_ign50__2022-2025__src,"blend, independent",by_lidar,20-25,3924,5.45,6.25,-5.4,-5.06
own,es__chm_ign50__2022-2025__src,"blend, independent",by_lidar,25-35,1596,9.88,10.43,-9.88,-9.91
own,es__chm_ign50__2022-2025__src,"blend, independent",by_lidar,35-999,82,16.91,17.19,-16.91,-16.33
own,es__chm_ign50__2022-2025__src,"blend, independent",by_value,0-2,12327,1.35,1.93,-0.05,0.36
own,es__chm_ign50__2022-2025__src,"blend, independent",by_value,2-5,17918,2.29,2.95,-0.08,0.47
own,es__chm_ign50__2022-2025__src,"blend, independent",by_value,5-8,5657,3.11,3.92,0.1,0.12
own,es__chm_ign50__2022-2025__src,"blend, independent",by_value,8-12,11502,3.31,4.36,-0.42,-0.69
own,es__chm_ign50__2022-2025__src,"blend, independent",by_value,12-16,11750,4.43,5.76,-0.28,-0.89
own,es__chm_ign50__2022-2025__src,"blend, independent",by_value,16-20,7368,4.84,6.47,-0.43,-1.18
own,es__chm_ign50__2022-2025__src,"blend, independent",by_value,20-25,1282,5.77,7.52,-0.99,-1.79
own,es__chm_ign50__2022-2025__src,table,all,,67809,3.06,4.42,0.0,
own,es__chm_ign50__2022-2025__src,table,by_lidar,0-2,18377,2.25,3.9,2.12,1.27
own,es__chm_ign50__2022-2025__src,table,by_lidar,2-5,11541,2.65,4.4,1.01,-0.59
own,es__chm_ign50__2022-2025__src,table,by_lidar,5-8,7485,3.71,4.46,-0.15,-1.99
own,es__chm_ign50__2022-2025__src,table,by_lidar,8-12,9807,3.34,4.28,0.15,0.26
own,es__chm_ign50__2022-2025__src,table,by_lidar,12-16,8425,2.68,3.6,-0.6,-0.43
own,es__chm_ign50__2022-2025__src,table,by_lidar,16-20,6572,2.82,3.65,-1.97,-1.74
own,es__chm_ign50__2022-2025__src,table,by_lidar,20-25,3924,4.65,5.63,-4.38,-4.24
own,es__chm_ign50__2022-2025__src,table,by_lidar,25-35,1596,8.98,9.67,-8.98,-8.83
own,es__chm_ign50__2022-2025__src,table,by_lidar,35-999,82,16.59,16.92,-16.59,-16.78
own,es__chm_ign50__2022-2025__src,table,by_value,0-2,15631,1.39,2.09,-0.45,0.03
own,es__chm_ign50__2022-2025__src,table,by_value,2-5,16236,2.57,3.34,-0.61,-0.05
own,es__chm_ign50__2022-2025__src,table,by_value,5-8,3046,2.94,3.87,0.03,0.08
own,es__chm_ign50__2022-2025__src,table,by_value,8-12,10115,3.21,4.25,0.22,0.05
own,es__chm_ign50__2022-2025__src,table,by_value,12-16,9985,4.01,5.34,0.15,-0.1
own,es__chm_ign50__2022-2025__src,table,by_value,16-20,9378,4.88,6.62,1.33,0.31
own,es__chm_ign50__2022-2025__src,table,by_value,20-25,3355,4.85,6.63,0.19,-0.09
own,es__chm_ign50__2022-2025__src,table,by_value,25-35,63,6.44,8.32,5.52,4.6
own,fr__chm_lidarhd__2022__src,meta_v1 raw,all,,336284,3.79,4.85,-2.48,
own,fr__chm_lidarhd__2022__src,meta_v1 raw,by_lidar,0-2,34260,1.41,2.45,-0.3,-0.93
own,fr__chm_lidarhd__2022__src,meta_v1 raw,by_lidar,2-5,32096,3.06,3.46,-2.08,-2.77
own,fr__chm_lidarhd__2022__src,meta_v1 raw,by_lidar,5-8,70925,3.34,3.95,-1.88,-2.34
own,fr__chm_lidarhd__2022__src,meta_v1 raw,by_lidar,8-12,87299,3.59,4.42,-1.72,-1.88
own,fr__chm_lidarhd__2022__src,meta_v1 raw,by_lidar,12-16,52558,4.3,5.31,-3.01,-3.08
own,fr__chm_lidarhd__2022__src,meta_v1 raw,by_lidar,16-20,39846,5.31,6.43,-4.48,-4.53
own,fr__chm_lidarhd__2022__src,meta_v1 raw,by_lidar,20-25,18301,7.05,8.18,-6.81,-6.72
own,fr__chm_lidarhd__2022__src,meta_v1 raw,by_lidar,25-35,995,11.07,12.07,-11.05,-10.91
own,fr__chm_lidarhd__2022__src,meta_v1 raw,by_value,0-2,75886,3.47,4.58,-3.47,-2.8
own,fr__chm_lidarhd__2022__src,meta_v1 raw,by_value,2-5,44040,4.6,5.44,-4.47,-4.08
own,fr__chm_lidarhd__2022__src,meta_v1 raw,by_value,5-8,55083,3.85,5.03,-3.49,-2.89
own,fr__chm_lidarhd__2022__src,meta_v1 raw,by_value,8-12,74964,3.66,4.84,-2.24,-1.61
own,fr__chm_lidarhd__2022__src,meta_v1 raw,by_value,12-16,52824,3.82,4.71,-0.99,-0.85
own,fr__chm_lidarhd__2022__src,meta_v1 raw,by_value,16-20,25033,3.41,4.27,0.46,0.17
own,fr__chm_lidarhd__2022__src,meta_v1 raw,by_value,20-25,7746,3.79,4.82,2.93,2.73
own,fr__chm_lidarhd__2022__src,meta_v1 raw,by_value,25-35,708,7.69,8.48,7.64,7.12
own,fr__chm_lidarhd__2022__src,eth raw,all,,336284,4.27,5.21,3.58,
own,fr__chm_lidarhd__2022__src,eth raw,by_lidar,0-2,34260,5.49,6.95,5.22,4.81
own,fr__chm_lidarhd__2022__src,eth raw,by_lidar,2-5,32096,6.84,7.4,6.71,6.69
own,fr__chm_lidarhd__2022__src,eth raw,by_lidar,5-8,70925,5.19,5.71,5.13,4.73
own,fr__chm_lidarhd__2022__src,eth raw,by_lidar,8-12,87299,3.9,4.73,3.71,3.31
own,fr__chm_lidarhd__2022__src,eth raw,by_lidar,12-16,52558,3.03,3.85,2.26,2.09
own,fr__chm_lidarhd__2022__src,eth raw,by_lidar,16-20,39846,2.67,3.29,0.96,1.08
own,fr__chm_lidarhd__2022__src,eth raw,by_lidar,20-25,18301,2.67,3.42,-1.51,-1.33
own,fr__chm_lidarhd__2022__src,eth raw,by_lidar,25-35,995,5.77,6.58,-5.74,-5.53
own,fr__chm_lidarhd__2022__src,eth raw,by_value,0-2,8767,1.11,1.78,-0.78,-0.55
own,fr__chm_lidarhd__2022__src,eth raw,by_value,2-5,9759,2.58,3.05,1.54,2.13
own,fr__chm_lidarhd__2022__src,eth raw,by_value,5-8,10500,4.73,5.07,3.89,4.84
own,fr__chm_lidarhd__2022__src,eth raw,by_value,8-12,98351,4.17,4.82,3.88,3.88
own,fr__chm_lidarhd__2022__src,eth raw,by_value,12-16,105925,4.38,5.3,3.61,3.74
own,fr__chm_lidarhd__2022__src,eth raw,by_value,16-20,64786,4.64,5.82,3.6,3.42
own,fr__chm_lidarhd__2022__src,eth raw,by_value,20-25,36414,4.58,5.78,4.1,3.71
own,fr__chm_lidarhd__2022__src,eth raw,by_value,25-35,1782,5.75,6.57,5.7,5.53
own,fr__chm_lidarhd__2022__src,meta_v1 calibrated,all,,336284,2.92,3.88,-0.53,
own,fr__chm_lidarhd__2022__src,meta_v1 calibrated,by_lidar,0-2,34260,1.9,3.09,1.9,1.17
own,fr__chm_lidarhd__2022__src,meta_v1 calibrated,by_lidar,2-5,32096,2.33,3.03,0.76,-0.13
own,fr__chm_lidarhd__2022__src,meta_v1 calibrated,by_lidar,5-8,70925,2.47,3.11,1.13,1.26
own,fr__chm_lidarhd__2022__src,meta_v1 calibrated,by_lidar,8-12,87299,2.38,3.1,0.46,0.29
own,fr__chm_lidarhd__2022__src,meta_v1 calibrated,by_lidar,12-16,52558,2.94,3.63,-1.7,-1.84
own,fr__chm_lidarhd__2022__src,meta_v1 calibrated,by_lidar,16-20,39846,4.22,5.12,-4.04,-3.88
own,fr__chm_lidarhd__2022__src,meta_v1 calibrated,by_lidar,20-25,18301,6.89,7.52,-6.89,-6.51
own,fr__chm_lidarhd__2022__src,meta_v1 calibrated,by_lidar,25-35,995,11.38,11.84,-11.38,-10.86
own,fr__chm_lidarhd__2022__src,meta_v1 calibrated,by_value,0-2,24560,2.45,3.29,-1.6,-1.31
own,fr__chm_lidarhd__2022__src,meta_v1 calibrated,by_value,2-5,37597,1.95,2.93,-0.62,0.4
own,fr__chm_lidarhd__2022__src,meta_v1 calibrated,by_value,5-8,57769,2.17,3.07,-0.38,0.01
own,fr__chm_lidarhd__2022__src,meta_v1 calibrated,by_value,8-12,116130,3.07,4.04,-0.7,-0.02
own,fr__chm_lidarhd__2022__src,meta_v1 calibrated,by_value,12-16,67185,3.79,4.63,-0.31,-0.12
own,fr__chm_lidarhd__2022__src,meta_v1 calibrated,by_value,16-20,32770,3.4,4.24,0.27,-0.08
own,fr__chm_lidarhd__2022__src,meta_v1 calibrated,by_value,20-25,267,3.57,4.4,3.05,3.15
own,fr__chm_lidarhd__2022__src,eth calibrated,all,,336284,2.78,3.7,-0.16,
own,fr__chm_lidarhd__2022__src,eth calibrated,by_lidar,0-2,34260,2.75,4.18,2.53,1.17
own,fr__chm_lidarhd__2022__src,eth calibrated,by_lidar,2-5,32096,3.19,4.01,2.81,2.57
own,fr__chm_lidarhd__2022__src,eth calibrated,by_lidar,5-8,70925,1.97,2.85,1.13,0.66
own,fr__chm_lidarhd__2022__src,eth calibrated,by_lidar,8-12,87299,2.4,3.05,-0.16,-0.59
own,fr__chm_lidarhd__2022__src,eth calibrated,by_lidar,12-16,52558,2.87,3.52,-1.48,-1.56
own,fr__chm_lidarhd__2022__src,eth calibrated,by_lidar,16-20,39846,3.26,4.15,-2.78,-2.49
own,fr__chm_lidarhd__2022__src,eth calibrated,by_lidar,20-25,18301,5.37,6.06,-5.35,-5.03
own,fr__chm_lidarhd__2022__src,eth calibrated,by_lidar,25-35,995,9.69,10.1,-9.69,-9.21
own,fr__chm_lidarhd__2022__src,eth calibrated,by_value,0-2,24551,1.37,2.51,-0.58,0.07
own,fr__chm_lidarhd__2022__src,eth calibrated,by_value,2-5,18309,2.27,2.99,-0.27,0.11
own,fr__chm_lidarhd__2022__src,eth calibrated,by_value,5-8,88031,2.2,2.88,-0.28,-0.29
own,fr__chm_lidarhd__2022__src,eth calibrated,by_value,8-12,97607,2.99,3.89,-0.23,-0.1
own,fr__chm_lidarhd__2022__src,eth calibrated,by_value,12-16,66027,3.67,4.58,0.02,-0.1
own,fr__chm_lidarhd__2022__src,eth calibrated,by_value,16-20,40158,3.18,4.13,0.23,-0.2
own,fr__chm_lidarhd__2022__src,eth calibrated,by_value,20-25,1601,2.74,3.48,1.77,1.8
own,fr__chm_lidarhd__2022__src,meta_v1 matched,all,,336284,3.07,4.12,0.0,
own,fr__chm_lidarhd__2022__src,meta_v1 matched,by_lidar,0-2,34260,1.88,3.15,1.88,1.17
own,fr__chm_lidarhd__2022__src,meta_v1 matched,by_lidar,2-5,32096,2.11,2.98,0.56,-0.16
own,fr__chm_lidarhd__2022__src,meta_v1 matched,by_lidar,5-8,70925,2.49,3.34,0.9,0.68
own,fr__chm_lidarhd__2022__src,meta_v1 matched,by_lidar,8-12,87299,3.06,3.96,0.76,0.21
own,fr__chm_lidarhd__2022__src,meta_v1 matched,by_lidar,12-16,52558,3.63,4.42,-0.66,-0.94
own,fr__chm_lidarhd__2022__src,meta_v1 matched,by_lidar,16-20,39846,4.15,5.11,-2.15,-2.15
own,fr__chm_lidarhd__2022__src,meta_v1 matched,by_lidar,20-25,18301,5.12,6.36,-4.48,-4.19
own,fr__chm_lidarhd__2022__src,meta_v1 matched,by_lidar,25-35,995,8.78,9.95,-8.75,-8.44
own,fr__chm_lidarhd__2022__src,meta_v1 matched,by_value,0-2,14627,2.49,3.17,-1.59,-1.53
own,fr__chm_lidarhd__2022__src,meta_v1 matched,by_value,2-5,47530,2.02,3.03,-0.83,0.25
own,fr__chm_lidarhd__2022__src,meta_v1 matched,by_value,5-8,75530,2.31,3.29,-1.05,-0.62
own,fr__chm_lidarhd__2022__src,meta_v1 matched,by_value,8-12,83126,3.1,4.09,-0.84,-0.18
own,fr__chm_lidarhd__2022__src,meta_v1 matched,by_value,12-16,59526,3.84,4.66,0.83,1.26
own,fr__chm_lidarhd__2022__src,meta_v1 matched,by_value,16-20,37529,4.06,5.07,2.27,2.15
own,fr__chm_lidarhd__2022__src,meta_v1 matched,by_value,20-25,16780,4.46,5.57,3.91,3.67
own,fr__chm_lidarhd__2022__src,meta_v1 matched,by_value,25-35,1635,8.0,8.78,7.97,7.6
own,fr__chm_lidarhd__2022__src,blend,all,,336284,2.5,3.33,-0.34,
own,fr__chm_lidarhd__2022__src,blend,by_lidar,0-2,34260,2.03,3.09,1.83,1.1
own,fr__chm_lidarhd__2022__src,blend,by_lidar,2-5,32096,2.18,2.9,1.52,1.31
own,fr__chm_lidarhd__2022__src,blend,by_lidar,5-8,70925,2.01,2.58,1.12,1.13
own,fr__chm_lidarhd__2022__src,blend,by_lidar,8-12,87299,1.96,2.56,0.15,0.0
own,fr__chm_lidarhd__2022__src,blend,by_lidar,12-16,52558,2.6,3.2,-1.52,-1.62
own,fr__chm_lidarhd__2022__src,blend,by_lidar,16-20,39846,3.41,4.24,-3.1,-2.88
own,fr__chm_lidarhd__2022__src,blend,by_lidar,20-25,18301,5.72,6.34,-5.71,-5.42
own,fr__chm_lidarhd__2022__src,blend,by_lidar,25-35,995,10.07,10.47,-10.07,-9.6
own,fr__chm_lidarhd__2022__src,blend,by_value,0-2,22275,1.05,1.76,-0.22,0.15
own,fr__chm_lidarhd__2022__src,blend,by_value,2-5,38170,2.16,2.81,-0.29,0.1
own,fr__chm_lidarhd__2022__src,blend,by_value,5-8,59316,1.9,2.59,0.01,0.15
own,fr__chm_lidarhd__2022__src,blend,by_value,8-12,117292,2.61,3.43,-0.27,0.15
own,fr__chm_lidarhd__2022__src,blend,by_value,12-16,65237,3.36,4.2,-0.71,-0.67
own,fr__chm_lidarhd__2022__src,blend,by_value,16-20,33079,2.85,3.61,-0.66,-0.86
own,fr__chm_lidarhd__2022__src,blend,by_value,20-25,915,2.4,3.04,1.16,1.23
own,fr__chm_lidarhd__2022__src,"blend, gated",all,,336284,2.56,3.41,-0.52,
own,fr__chm_lidarhd__2022__src,"blend, gated",by_lidar,0-2,34260,1.8,2.78,1.8,1.17
own,fr__chm_lidarhd__2022__src,"blend, gated",by_lidar,2-5,32096,2.26,2.87,0.69,-0.14
own,fr__chm_lidarhd__2022__src,"blend, gated",by_lidar,5-8,70925,2.2,2.81,0.84,1.04
own,fr__chm_lidarhd__2022__src,"blend, gated",by_lidar,8-12,87299,2.05,2.72,0.06,-0.01
own,fr__chm_lidarhd__2022__src,"blend, gated",by_lidar,12-16,52558,2.65,3.32,-1.57,-1.62
own,fr__chm_lidarhd__2022__src,"blend, gated",by_lidar,16-20,39846,3.44,4.31,-3.12,-2.88
own,fr__chm_lidarhd__2022__src,"blend, gated",by_lidar,20-25,18301,5.74,6.38,-5.73,-5.42
own,fr__chm_lidarhd__2022__src,"blend, gated",by_lidar,25-35,995,10.08,10.5,-10.08,-9.6
own,fr__chm_lidarhd__2022__src,"blend, gated",by_value,0-2,24560,2.45,3.29,-1.6,-1.31
own,fr__chm_lidarhd__2022__src,"blend, gated",by_value,2-5,38266,1.97,2.95,-0.63,0.39
own,fr__chm_lidarhd__2022__src,"blend, gated",by_value,5-8,59131,1.88,2.59,-0.12,0.06
own,fr__chm_lidarhd__2022__src,"blend, gated",by_value,8-12,115252,2.59,3.4,-0.31,0.12
own,fr__chm_lidarhd__2022__src,"blend, gated",by_value,12-16,65081,3.35,4.19,-0.72,-0.68
own,fr__chm_lidarhd__2022__src,"blend, gated",by_value,16-20,33079,2.85,3.61,-0.66,-0.86
own,fr__chm_lidarhd__2022__src,"blend, gated",by_value,20-25,915,2.4,3.04,1.16,1.23
own,fr__chm_lidarhd__2022__src,"blend, independent",all,,336284,2.52,3.34,-0.34,
own,fr__chm_lidarhd__2022__src,"blend, independent",by_lidar,0-2,34260,2.2,3.2,2.15,1.51
own,fr__chm_lidarhd__2022__src,"blend, independent",by_lidar,2-5,32096,2.13,2.84,1.7,1.45
own,fr__chm_lidarhd__2022__src,"blend, independent",by_lidar,5-8,70925,1.94,2.48,1.13,1.1
own,fr__chm_lidarhd__2022__src,"blend, independent",by_lidar,8-12,87299,1.95,2.49,0.16,0.05
own,fr__chm_lidarhd__2022__src,"blend, independent",by_lidar,12-16,52558,2.52,3.13,-1.57,-1.6
own,fr__chm_lidarhd__2022__src,"blend, independent",by_lidar,16-20,39846,3.54,4.33,-3.33,-3.13
own,fr__chm_lidarhd__2022__src,"blend, independent",by_lidar,20-25,18301,6.02,6.57,-6.02,-5.74
own,fr__chm_lidarhd__2022__src,"blend, independent",by_lidar,25-35,995,10.42,10.79,-10.42,-9.9
own,fr__chm_lidarhd__2022__src,"blend, independent",by_value,0-2,21518,1.04,1.72,0.19,0.51
own,fr__chm_lidarhd__2022__src,"blend, independent",by_value,2-5,34954,2.04,2.61,-0.03,0.31
own,fr__chm_lidarhd__2022__src,"blend, independent",by_value,5-8,65498,2.01,2.73,0.06,0.16
own,fr__chm_lidarhd__2022__src,"blend, independent",by_value,8-12,114345,2.65,3.47,-0.28,0.17
own,fr__chm_lidarhd__2022__src,"blend, independent",by_value,12-16,70189,3.34,4.17,-0.78,-0.71
own,fr__chm_lidarhd__2022__src,"blend, independent",by_value,16-20,29330,2.8,3.52,-1.15,-1.24
own,fr__chm_lidarhd__2022__src,"blend, independent",by_value,20-25,450,2.18,2.76,1.16,1.18
own,fr__chm_lidarhd__2022__src,table,all,,336284,2.53,3.41,-0.27,
own,fr__chm_lidarhd__2022__src,table,by_lidar,0-2,34260,1.93,3.03,1.67,1.04
own,fr__chm_lidarhd__2022__src,table,by_lidar,2-5,32096,2.04,2.75,1.29,1.13
own,fr__chm_lidarhd__2022__src,table,by_lidar,5-8,70925,2.0,2.57,1.04,1.1
own,fr__chm_lidarhd__2022__src,table,by_lidar,8-12,87299,2.18,2.87,0.14,-0.17
own,fr__chm_lidarhd__2022__src,table,by_lidar,12-16,52558,2.93,3.6,-1.27,-1.18
own,fr__chm_lidarhd__2022__src,table,by_lidar,16-20,39846,3.25,4.23,-2.64,-2.3
own,fr__chm_lidarhd__2022__src,table,by_lidar,20-25,18301,5.2,6.01,-5.18,-4.77
own,fr__chm_lidarhd__2022__src,table,by_lidar,25-35,995,9.66,10.17,-9.66,-9.0
own,fr__chm_lidarhd__2022__src,table,by_value,0-2,24329,1.11,1.98,-0.4,0.02
own,fr__chm_lidarhd__2022__src,table,by_value,2-5,39148,2.3,3.03,-0.44,-0.08
own,fr__chm_lidarhd__2022__src,table,by_value,5-8,55916,2.06,2.85,-0.26,0.02
own,fr__chm_lidarhd__2022__src,table,by_value,8-12,115029,2.55,3.41,-0.49,0.04
own,fr__chm_lidarhd__2022__src,table,by_value,12-16,62340,3.45,4.29,-0.17,-0.08
own,fr__chm_lidarhd__2022__src,table,by_value,16-20,38204,2.82,3.62,0.36,0.14
own,fr__chm_lidarhd__2022__src,table,by_value,20-25,1312,2.75,3.45,2.1,2.09
own,pt__chm_dgt__2024-2025__src,meta_v1 raw,all,,349358,4.71,6.41,-2.81,
own,pt__chm_dgt__2024-2025__src,meta_v1 raw,by_lidar,0-2,92481,1.94,4.22,0.98,-0.23
own,pt__chm_dgt__2024-2025__src,meta_v1 raw,by_lidar,2-5,61181,3.14,4.01,-0.64,-2.13
own,pt__chm_dgt__2024-2025__src,meta_v1 raw,by_lidar,5-8,44858,4.37,5.11,-1.82,-3.1
own,pt__chm_dgt__2024-2025__src,meta_v1 raw,by_lidar,8-12,58428,5.6,6.5,-4.21,-5.0
own,pt__chm_dgt__2024-2025__src,meta_v1 raw,by_lidar,12-16,50440,7.14,8.25,-6.51,-6.93
own,pt__chm_dgt__2024-2025__src,meta_v1 raw,by_lidar,16-20,22794,8.12,9.32,-7.75,-7.75
own,pt__chm_dgt__2024-2025__src,meta_v1 raw,by_lidar,20-25,13435,9.32,10.31,-9.22,-9.1
own,pt__chm_dgt__2024-2025__src,meta_v1 raw,by_lidar,25-35,5505,13.32,14.14,-13.3,-13.27
own,pt__chm_dgt__2024-2025__src,meta_v1 raw,by_lidar,35-999,236,23.76,26.43,-23.76,-20.36
own,pt__chm_dgt__2024-2025__src,meta_v1 raw,by_value,0-2,146676,3.37,5.22,-3.35,-1.78
own,pt__chm_dgt__2024-2025__src,meta_v1 raw,by_value,2-5,56744,5.52,7.02,-5.01,-4.62
own,pt__chm_dgt__2024-2025__src,meta_v1 raw,by_value,5-8,44334,5.15,6.45,-3.67,-3.61
own,pt__chm_dgt__2024-2025__src,meta_v1 raw,by_value,8-12,48180,5.16,6.47,-2.35,-2.42
own,pt__chm_dgt__2024-2025__src,meta_v1 raw,by_value,12-16,32857,6.03,7.44,-0.12,-0.43
own,pt__chm_dgt__2024-2025__src,meta_v1 raw,by_value,16-20,15615,7.45,9.1,2.7,2.15
own,pt__chm_dgt__2024-2025__src,meta_v1 raw,by_value,20-25,4431,8.9,10.91,5.88,5.88
own,pt__chm_dgt__2024-2025__src,meta_v1 raw,by_value,25-35,521,10.2,12.53,9.02,8.48
own,pt__chm_dgt__2024-2025__src,eth raw,all,,349358,6.6,8.05,5.39,
own,pt__chm_dgt__2024-2025__src,eth raw,by_lidar,0-2,92481,9.09,10.49,9.05,9.6
own,pt__chm_dgt__2024-2025__src,eth raw,by_lidar,2-5,61181,8.89,9.65,8.71,8.97
own,pt__chm_dgt__2024-2025__src,eth raw,by_lidar,5-8,44858,7.13,7.88,6.66,6.88
own,pt__chm_dgt__2024-2025__src,eth raw,by_lidar,8-12,58428,4.81,5.76,4.16,4.08
own,pt__chm_dgt__2024-2025__src,eth raw,by_lidar,12-16,50440,2.9,4.01,1.64,1.28
own,pt__chm_dgt__2024-2025__src,eth raw,by_lidar,16-20,22794,2.92,3.65,-0.47,-0.95
own,pt__chm_dgt__2024-2025__src,eth raw,by_lidar,20-25,13435,4.39,5.09,-3.76,-4.12
own,pt__chm_dgt__2024-2025__src,eth raw,by_lidar,25-35,5505,8.19,8.84,-8.14,-8.14
own,pt__chm_dgt__2024-2025__src,eth raw,by_lidar,35-999,236,20.02,22.98,-20.02,-16.47
own,pt__chm_dgt__2024-2025__src,eth raw,by_value,0-2,14508,2.23,4.15,-1.65,-0.12
own,pt__chm_dgt__2024-2025__src,eth raw,by_value,2-5,14137,3.05,3.91,1.15,2.27
own,pt__chm_dgt__2024-2025__src,eth raw,by_value,5-8,16130,4.73,5.21,4.04,5.07
own,pt__chm_dgt__2024-2025__src,eth raw,by_value,8-12,72251,6.77,7.46,6.36,7.54
own,pt__chm_dgt__2024-2025__src,eth raw,by_value,12-16,137136,6.51,7.77,5.55,5.93
own,pt__chm_dgt__2024-2025__src,eth raw,by_value,16-20,67948,7.57,9.1,5.73,5.82
own,pt__chm_dgt__2024-2025__src,eth raw,by_value,20-25,23327,8.45,10.32,6.65,6.51
own,pt__chm_dgt__2024-2025__src,eth raw,by_value,25-35,3921,16.08,18.19,15.72,14.42
own,pt__chm_dgt__2024-2025__src,meta_v1 calibrated,all,,349358,4.09,5.53,-0.65,
own,pt__chm_dgt__2024-2025__src,meta_v1 calibrated,by_lidar,0-2,92481,2.84,4.79,2.79,1.28
own,pt__chm_dgt__2024-2025__src,meta_v1 calibrated,by_lidar,2-5,61181,3.56,4.5,2.03,1.63
own,pt__chm_dgt__2024-2025__src,meta_v1 calibrated,by_lidar,5-8,44858,3.76,4.37,0.91,1.42
own,pt__chm_dgt__2024-2025__src,meta_v1 calibrated,by_lidar,8-12,58428,3.4,4.36,-1.48,-0.97
own,pt__chm_dgt__2024-2025__src,meta_v1 calibrated,by_lidar,12-16,50440,4.46,5.61,-4.11,-3.63
own,pt__chm_dgt__2024-2025__src,meta_v1 calibrated,by_lidar,16-20,22794,6.36,7.08,-6.31,-5.99
own,pt__chm_dgt__2024-2025__src,meta_v1 calibrated,by_lidar,20-25,13435,9.37,9.67,-9.37,-9.21
own,pt__chm_dgt__2024-2025__src,meta_v1 calibrated,by_lidar,25-35,5505,14.4,14.68,-14.4,-14.02
own,pt__chm_dgt__2024-2025__src,meta_v1 calibrated,by_lidar,35-999,236,26.13,27.79,-26.13,-22.76
own,pt__chm_dgt__2024-2025__src,meta_v1 calibrated,by_value,0-2,120888,2.54,4.08,-1.52,0.0
own,pt__chm_dgt__2024-2025__src,meta_v1 calibrated,by_value,2-5,14475,4.18,5.29,-2.3,-1.59
own,pt__chm_dgt__2024-2025__src,meta_v1 calibrated,by_value,5-8,46448,4.01,4.82,-0.49,0.36
own,pt__chm_dgt__2024-2025__src,meta_v1 calibrated,by_value,8-12,96028,4.42,5.43,-0.01,0.03
own,pt__chm_dgt__2024-2025__src,meta_v1 calibrated,by_value,12-16,65334,6.14,7.56,-0.29,-0.33
own,pt__chm_dgt__2024-2025__src,meta_v1 calibrated,by_value,16-20,6069,8.05,10.01,5.38,4.64
own,pt__chm_dgt__2024-2025__src,meta_v1 calibrated,by_value,20-25,102,6.87,9.31,5.32,3.74
own,pt__chm_dgt__2024-2025__src,eth calibrated,all,,349358,4.42,5.8,-0.75,
own,pt__chm_dgt__2024-2025__src,eth calibrated,by_lidar,0-2,92481,3.63,5.29,3.55,2.42
own,pt__chm_dgt__2024-2025__src,eth calibrated,by_lidar,2-5,61181,3.48,4.45,2.44,2.15
own,pt__chm_dgt__2024-2025__src,eth calibrated,by_lidar,5-8,44858,3.11,3.85,0.4,0.27
own,pt__chm_dgt__2024-2025__src,eth calibrated,by_lidar,8-12,58428,3.55,4.34,-2.19,-2.37
own,pt__chm_dgt__2024-2025__src,eth calibrated,by_lidar,12-16,50440,5.13,5.95,-4.79,-4.97
own,pt__chm_dgt__2024-2025__src,eth calibrated,by_lidar,16-20,22794,7.07,7.73,-6.97,-6.96
own,pt__chm_dgt__2024-2025__src,eth calibrated,by_lidar,20-25,13435,10.43,10.81,-10.42,-10.44
own,pt__chm_dgt__2024-2025__src,eth calibrated,by_lidar,25-35,5505,15.11,15.38,-15.11,-14.85
own,pt__chm_dgt__2024-2025__src,eth calibrated,by_lidar,35-999,236,26.81,28.5,-26.81,-23.44
own,pt__chm_dgt__2024-2025__src,eth calibrated,by_value,0-2,59945,2.17,3.73,-1.46,0.01
own,pt__chm_dgt__2024-2025__src,eth calibrated,by_value,2-5,62884,3.5,4.48,-1.1,0.2
own,pt__chm_dgt__2024-2025__src,eth calibrated,by_value,5-8,87801,4.43,5.31,-0.95,-0.28
own,pt__chm_dgt__2024-2025__src,eth calibrated,by_value,8-12,89617,5.3,6.43,-0.47,-0.41
own,pt__chm_dgt__2024-2025__src,eth calibrated,by_value,12-16,41085,6.36,7.86,-0.97,-0.9
own,pt__chm_dgt__2024-2025__src,eth calibrated,by_value,16-20,6962,8.36,10.37,6.97,6.29
own,pt__chm_dgt__2024-2025__src,eth calibrated,by_value,20-25,1064,11.53,13.93,10.9,10.05
own,pt__chm_dgt__2024-2025__src,meta_v1 matched,all,,349358,4.34,6.16,0.03,
own,pt__chm_dgt__2024-2025__src,meta_v1 matched,by_lidar,0-2,92481,2.9,5.86,2.77,0.93
own,pt__chm_dgt__2024-2025__src,meta_v1 matched,by_lidar,2-5,61181,3.72,5.32,1.86,0.53
own,pt__chm_dgt__2024-2025__src,meta_v1 matched,by_lidar,5-8,44858,4.62,5.88,1.2,0.46
own,pt__chm_dgt__2024-2025__src,meta_v1 matched,by_lidar,8-12,58428,4.7,5.87,-0.91,-1.22
own,pt__chm_dgt__2024-2025__src,meta_v1 matched,by_lidar,12-16,50440,5.28,6.57,-3.0,-3.11
own,pt__chm_dgt__2024-2025__src,meta_v1 matched,by_lidar,16-20,22794,5.78,7.09,-3.87,-4.16
own,pt__chm_dgt__2024-2025__src,meta_v1 matched,by_lidar,20-25,13435,6.16,7.38,-5.1,-5.44
own,pt__chm_dgt__2024-2025__src,meta_v1 matched,by_lidar,25-35,5505,9.31,10.52,-8.86,-9.24
own,pt__chm_dgt__2024-2025__src,meta_v1 matched,by_lidar,35-999,236,18.96,23.13,-18.92,-15.47
own,pt__chm_dgt__2024-2025__src,meta_v1 matched,by_value,0-2,120888,2.55,4.22,-1.86,-0.33
own,pt__chm_dgt__2024-2025__src,meta_v1 matched,by_value,2-5,29575,3.96,5.19,-2.37,-1.35
own,pt__chm_dgt__2024-2025__src,meta_v1 matched,by_value,5-8,48977,4.27,5.23,-1.55,-1.07
own,pt__chm_dgt__2024-2025__src,meta_v1 matched,by_value,8-12,58206,4.34,5.33,0.3,0.3
own,pt__chm_dgt__2024-2025__src,meta_v1 matched,by_value,12-16,48268,5.18,6.51,1.69,1.61
own,pt__chm_dgt__2024-2025__src,meta_v1 matched,by_value,16-20,24351,7.15,8.89,4.25,3.86
own,pt__chm_dgt__2024-2025__src,meta_v1 matched,by_value,20-25,13185,9.15,11.43,7.43,6.9
own,pt__chm_dgt__2024-2025__src,meta_v1 matched,by_value,25-35,5634,13.85,16.18,13.22,13.44
own,pt__chm_dgt__2024-2025__src,meta_v1 matched,by_value,35-999,274,20.98,22.75,20.98,19.52
own,pt__chm_dgt__2024-2025__src,blend,all,,349358,3.94,5.35,-0.72,
own,pt__chm_dgt__2024-2025__src,blend,by_lidar,0-2,92481,2.94,4.74,2.87,1.4
own,pt__chm_dgt__2024-2025__src,blend,by_lidar,2-5,61181,3.08,4.04,2.12,1.76
own,pt__chm_dgt__2024-2025__src,blend,by_lidar,5-8,44858,3.09,3.77,0.75,0.86
own,pt__chm_dgt__2024-2025__src,blend,by_lidar,8-12,58428,3.12,3.95,-1.69,-1.54
own,pt__chm_dgt__2024-2025__src,blend,by_lidar,12-16,50440,4.57,5.44,-4.3,-4.11
own,pt__chm_dgt__2024-2025__src,blend,by_lidar,16-20,22794,6.54,7.12,-6.48,-6.37
own,pt__chm_dgt__2024-2025__src,blend,by_lidar,20-25,13435,9.69,9.97,-9.69,-9.74
own,pt__chm_dgt__2024-2025__src,blend,by_lidar,25-35,5505,14.6,14.85,-14.6,-14.27
own,pt__chm_dgt__2024-2025__src,blend,by_lidar,35-999,236,26.34,28.05,-26.34,-22.77
own,pt__chm_dgt__2024-2025__src,blend,by_value,0-2,73954,1.79,3.09,-0.72,0.35
own,pt__chm_dgt__2024-2025__src,blend,by_value,2-5,56816,3.23,4.34,-1.01,0.37
own,pt__chm_dgt__2024-2025__src,blend,by_value,5-8,66948,3.85,4.65,-0.66,0.11
own,pt__chm_dgt__2024-2025__src,blend,by_value,8-12,95518,4.47,5.52,-0.79,-0.88
own,pt__chm_dgt__2024-2025__src,blend,by_value,12-16,49926,6.47,7.9,-1.27,-1.4
own,pt__chm_dgt__2024-2025__src,blend,by_value,16-20,5837,8.84,11.03,6.98,5.78
own,pt__chm_dgt__2024-2025__src,blend,by_value,20-25,359,8.1,10.8,6.39,4.16
own,pt__chm_dgt__2024-2025__src,"blend, gated",all,,349358,4.02,5.47,-0.98,
own,pt__chm_dgt__2024-2025__src,"blend, gated",by_lidar,0-2,92481,2.71,4.62,2.66,1.28
own,pt__chm_dgt__2024-2025__src,"blend, gated",by_lidar,2-5,61181,3.18,4.06,1.64,1.28
own,pt__chm_dgt__2024-2025__src,"blend, gated",by_lidar,5-8,44858,3.37,4.01,0.42,0.76
own,pt__chm_dgt__2024-2025__src,"blend, gated",by_lidar,8-12,58428,3.39,4.35,-1.95,-1.56
own,pt__chm_dgt__2024-2025__src,"blend, gated",by_lidar,12-16,50440,4.76,5.79,-4.49,-4.11
own,pt__chm_dgt__2024-2025__src,"blend, gated",by_lidar,16-20,22794,6.63,7.28,-6.57,-6.37
own,pt__chm_dgt__2024-2025__src,"blend, gated",by_lidar,20-25,13435,9.71,10.0,-9.71,-9.74
own,pt__chm_dgt__2024-2025__src,"blend, gated",by_lidar,25-35,5505,14.61,14.86,-14.61,-14.27
own,pt__chm_dgt__2024-2025__src,"blend, gated",by_lidar,35-999,236,26.3,27.96,-26.3,-22.77
own,pt__chm_dgt__2024-2025__src,"blend, gated",by_value,0-2,120888,2.54,4.08,-1.52,0.0
own,pt__chm_dgt__2024-2025__src,"blend, gated",by_value,2-5,17688,3.99,5.08,-1.93,-1.09
own,pt__chm_dgt__2024-2025__src,"blend, gated",by_value,5-8,59358,3.75,4.51,-0.46,0.37
own,pt__chm_dgt__2024-2025__src,"blend, gated",by_value,8-12,95302,4.47,5.53,-0.79,-0.89
own,pt__chm_dgt__2024-2025__src,"blend, gated",by_value,12-16,49926,6.47,7.9,-1.27,-1.4
own,pt__chm_dgt__2024-2025__src,"blend, gated",by_value,16-20,5837,8.84,11.03,6.98,5.78
own,pt__chm_dgt__2024-2025__src,"blend, gated",by_value,20-25,359,8.1,10.8,6.39,4.16
own,pt__chm_dgt__2024-2025__src,"blend, independent",all,,349358,3.96,5.31,-0.68,
own,pt__chm_dgt__2024-2025__src,"blend, independent",by_lidar,0-2,92481,3.2,4.75,3.17,1.89
own,pt__chm_dgt__2024-2025__src,"blend, independent",by_lidar,2-5,61181,2.94,3.89,2.24,1.86
own,pt__chm_dgt__2024-2025__src,"blend, independent",by_lidar,5-8,44858,2.83,3.5,0.68,0.72
own,pt__chm_dgt__2024-2025__src,"blend, independent",by_lidar,8-12,58428,3.01,3.78,-1.8,-1.71
own,pt__chm_dgt__2024-2025__src,"blend, independent",by_lidar,12-16,50440,4.64,5.42,-4.42,-4.34
own,pt__chm_dgt__2024-2025__src,"blend, independent",by_lidar,16-20,22794,6.67,7.2,-6.62,-6.56
own,pt__chm_dgt__2024-2025__src,"blend, independent",by_lidar,20-25,13435,9.87,10.13,-9.87,-9.91
own,pt__chm_dgt__2024-2025__src,"blend, independent",by_lidar,25-35,5505,14.74,14.97,-14.74,-14.4
own,pt__chm_dgt__2024-2025__src,"blend, independent",by_lidar,35-999,236,26.45,28.11,-26.45,-22.99
own,pt__chm_dgt__2024-2025__src,"blend, independent",by_value,0-2,50737,1.75,3.0,-0.5,0.71
own,pt__chm_dgt__2024-2025__src,"blend, independent",by_value,2-5,76334,2.89,3.83,-0.39,0.97
own,pt__chm_dgt__2024-2025__src,"blend, independent",by_value,5-8,74408,3.85,4.64,-0.63,0.11
own,pt__chm_dgt__2024-2025__src,"blend, independent",by_value,8-12,98028,4.57,5.64,-1.02,-1.12
own,pt__chm_dgt__2024-2025__src,"blend, independent",by_value,12-16,44668,6.59,8.07,-1.67,-1.86
own,pt__chm_dgt__2024-2025__src,"blend, independent",by_value,16-20,5006,9.08,11.26,7.41,6.47
own,pt__chm_dgt__2024-2025__src,"blend, independent",by_value,20-25,177,6.19,8.73,3.5,2.04
own,pt__chm_dgt__2024-2025__src,table,all,,349358,3.96,5.45,-0.46,
own,pt__chm_dgt__2024-2025__src,table,by_lidar,0-2,92481,2.8,4.98,2.66,0.96
own,pt__chm_dgt__2024-2025__src,table,by_lidar,2-5,61181,3.4,4.55,2.07,1.13
own,pt__chm_dgt__2024-2025__src,table,by_lidar,5-8,44858,3.8,4.48,1.0,1.44
own,pt__chm_dgt__2024-2025__src,table,by_lidar,8-12,58428,3.46,4.39,-1.25,-0.81
own,pt__chm_dgt__2024-2025__src,table,by_lidar,12-16,50440,4.29,5.4,-3.65,-3.34
own,pt__chm_dgt__2024-2025__src,table,by_lidar,16-20,22794,5.79,6.56,-5.54,-5.45
own,pt__chm_dgt__2024-2025__src,table,by_lidar,20-25,13435,8.7,9.11,-8.68,-8.76
own,pt__chm_dgt__2024-2025__src,table,by_lidar,25-35,5505,13.43,13.82,-13.43,-13.16
own,pt__chm_dgt__2024-2025__src,table,by_lidar,35-999,236,25.3,27.37,-25.3,-22.18
own,pt__chm_dgt__2024-2025__src,table,by_value,0-2,73064,2.09,3.7,-1.54,-0.12
own,pt__chm_dgt__2024-2025__src,table,by_value,2-5,67981,2.99,4.26,-1.29,0.12
own,pt__chm_dgt__2024-2025__src,table,by_value,5-8,38160,3.96,4.8,-0.71,0.02
own,pt__chm_dgt__2024-2025__src,table,by_value,8-12,90093,4.28,5.22,0.1,0.16
own,pt__chm_dgt__2024-2025__src,table,by_value,12-16,67998,5.69,7.07,-0.02,0.01
own,pt__chm_dgt__2024-2025__src,table,by_value,16-20,10424,8.49,10.46,4.06,3.68
own,pt__chm_dgt__2024-2025__src,table,by_value,20-25,1624,10.53,12.75,9.46,8.05
